reference_id,title,manual_type_normalized,system_name,engine_code,transmission_code,analysis_status,page_count,bookmark_count,text_page_count,image_only_page_count,total_text_characters,average_text_characters,searchable_text,needs_ocr,encrypted,extraction_error,analyzed_at
TEA-ATM-028A180DAB,COMPONENTS,Automatic Transmission Manual,Transmission,,A343E,complete,1,0,1,0,302,302.0,1,0,0,,2026-07-18 07:09:45
TEA-ATM-0292A4D112,VALVE BODY ASSEMBLY,Automatic Transmission Manual,Transmission,,A343E,complete,2,0,0,2,0,0.0,0,1,0,,2026-07-18 07:09:45
TEA-ATM-048AE59FA7,OVERDRIVE BRAKE INSPECTION,Automatic Transmission Manual,Transmission,,A343E,complete,2,0,0,2,0,0.0,0,1,0,,2026-07-18 07:09:45
TEA-ATM-0581AAF592,RECOMMENDED TOOLS,Automatic Transmission Manual,Transmission,,A343E,complete,1,0,1,0,191,191.0,1,0,0,,2026-07-18 07:09:45
TEA-ATM-0E255704FC,COMPONENTS,Automatic Transmission Manual,Transmission,,A343E,complete,3,0,0,3,0,0.0,0,1,0,,2026-07-18 07:09:45
TEA-ATM-1186EE70A4,SERVICE DATE,Automatic Transmission Manual,Transmission,,A343E,complete,4,0,0,4,0,0.0,0,1,0,,2026-07-18 07:09:45
TEA-ATM-155959CA56,REASSEMBLY,Automatic Transmission Manual,Transmission,,A343E,complete,2,0,2,0,1729,864.5,1,0,0,,2026-07-18 07:09:45
TEA-ATM-192700F785,COMPONENTS,Automatic Transmission Manual,Transmission,,A343E,complete,1,0,1,0,256,256.0,1,0,0,,2026-07-18 07:09:45
TEA-ATM-1CE0847509,COMPONENTS,Automatic Transmission Manual,Transmission,,A343E,complete,2,0,0,2,0,0.0,0,1,0,,2026-07-18 07:09:45
TEA-ATM-1E2F32DF52,RETAINERS LOCATION,Automatic Transmission Manual,Transmission,,A343E,complete,1,0,0,1,0,0.0,0,1,0,,2026-07-18 07:09:45
TEA-ATM-211D9DCBBA,REASSEMBLY,Automatic Transmission Manual,Transmission,,A343E,complete,2,0,2,0,2137,1068.5,1,0,0,,2026-07-18 07:10:52
TEA-ATM-21DD1EB3D1,REASSEMBLY,Automatic Transmission Manual,Transmission,,A343E,complete,3,0,3,0,2077,692.3333333333334,1,0,0,,2026-07-18 07:10:52
TEA-ATM-24849DCEB3,BASIC SUBASSEMBLY REASSEMBLY,Automatic Transmission Manual,Transmission,,A343E,complete,21,0,0,21,0,0.0,0,1,0,,2026-07-18 07:10:52
TEA-ATM-24BE5E6A9A,COMPONENTS,Automatic Transmission Manual,Transmission,,A343E,complete,1,0,1,0,346,346.0,1,0,0,,2026-07-18 07:10:52
TEA-ATM-2693817C8C,COMPONENTS,Automatic Transmission Manual,Transmission,,A343E,complete,2,0,2,0,2315,1157.5,1,0,0,,2026-07-18 07:10:52
TEA-ATM-26C8A828DD,OVERDRIVE PLANETARY GEAR AND OVERDRIVE DIRECT CLUTCH INSPECTION,Automatic Transmission Manual,Transmission,,A343E,pending,,,,,,,,,,,
TEA-ATM-273985E56B,FIRST AND REVERSE BRAKE INSPECTION,Automatic Transmission Manual,Transmission,,A343E,complete,1,0,0,1,0,0.0,0,1,0,,2026-07-18 07:10:52
TEA-ATM-27D492C003,DISASSEMBLY,Automatic Transmission Manual,Transmission,,A343E,complete,2,0,2,0,1296,648.0,1,0,0,,2026-07-18 07:10:52
TEA-ATM-291EE98FB0,COMPONENTS,Automatic Transmission Manual,Transmission,,A343E,complete,2,0,0,2,0,0.0,0,1,0,,2026-07-18 07:10:52
TEA-ATM-29268BE482,FIRST AND REVERSE BRAKE ASSEMBLY,Automatic Transmission Manual,Transmission,,A343E,complete,2,0,0,2,0,0.0,0,1,0,,2026-07-18 07:10:52
TEA-ATM-2E0ADC9430,TRANSMISSION CASE INSPECTION,Automatic Transmission Manual,Transmission,,A343E,complete,1,0,0,1,0,0.0,0,1,0,,2026-07-18 07:10:52
TEA-ATM-2E46ED2FB1,LOCATION,Automatic Transmission Manual,Transmission,,A343E,complete,4,0,4,0,2189,547.25,1,0,0,,2026-07-18 07:10:52
TEA-ATM-2E60C2902A,HOW TO USE THIS MANUAL,Automatic Transmission Manual,Transmission,,A343E,complete,3,0,0,3,0,0.0,0,1,0,,2026-07-18 07:10:52
TEA-ATM-305B7D6151,LUBRICANT,Automatic Transmission Manual,Transmission,,A343E,complete,1,0,1,0,240,240.0,1,0,0,,2026-07-18 07:10:52
TEA-ATM-3357D8A265,COMPONENTS,Automatic Transmission Manual,Transmission,,A343E,complete,2,0,2,0,611,305.5,1,0,0,,2026-07-18 07:10:52
TEA-ATM-348BE076FD,LOCATION,Automatic Transmission Manual,Transmission,,A343E,complete,3,0,3,0,2361,787.0,1,0,0,,2026-07-18 07:10:52
TEA-ATM-379C255734,DISASSEMBLY,Automatic Transmission Manual,Transmission,,A343E,complete,2,0,2,0,1198,599.0,1,0,0,,2026-07-18 07:10:52
TEA-ATM-397F43F49A,INSPECTION,Automatic Transmission Manual,Transmission,,A343E,complete,1,0,1,0,658,658.0,1,0,0,,2026-07-18 07:10:52
TEA-ATM-39F65A9313,GENERAL REPAIR INSTRUCTIONS,Automatic Transmission Manual,Transmission,,A343E,complete,2,0,0,2,0,0.0,0,1,0,,2026-07-18 07:10:52
TEA-ATM-3BEC76D679,COMPONENTS,Automatic Transmission Manual,Transmission,,A343E,complete,3,0,0,3,0,0.0,0,1,0,,2026-07-18 07:10:52
TEA-ATM-3F941CA704,LUBRICANT,Automatic Transmission Manual,Transmission,,A343E,complete,1,0,0,1,0,0.0,0,1,0,,2026-07-18 07:10:52
TEA-ATM-45DA508420,SST (Special Service Tools),Automatic Transmission Manual,Transmission,,A343E,complete,2,0,2,0,851,425.5,1,0,0,,2026-07-18 07:10:52
TEA-ATM-4BCAA04B40,DISASSEMBLY,Automatic Transmission Manual,Transmission,,A343E,complete,1,0,1,0,371,371.0,1,0,0,,2026-07-18 07:10:52
TEA-ATM-503A8A4FCA,FRONT PLANETARY GEAR INSPECTION,Automatic Transmission Manual,Transmission,,A343E,complete,2,0,0,2,0,0.0,0,1,0,,2026-07-18 07:10:52
TEA-ATM-50F775D429,TORQUE SPECIFICATION,Automatic Transmission Manual,Transmission,,A343E,complete,1,0,1,0,1138,1138.0,1,0,0,,2026-07-18 07:10:52
TEA-ATM-5B46032EBD,SPECIFIED TORQUE FOR STANDARD BOLTS,Automatic Transmission Manual,Transmission,,A343E,complete,1,0,1,0,1335,1335.0,1,0,0,,2026-07-18 07:10:52
TEA-ATM-5B56115AD2,OPERATION,Automatic Transmission Manual,Transmission,,A343E,complete,6,0,0,6,0,0.0,0,1,0,,2026-07-18 07:10:52
TEA-ATM-5D55B5A2A5,HOW TO DETERMINE BOLT STRENGTH,Automatic Transmission Manual,Transmission,,A343E,complete,1,0,1,0,304,304.0,1,0,0,,2026-07-18 07:10:52
TEA-ATM-6058794E80,COMPONENTS,Automatic Transmission Manual,Transmission,,A343E,complete,4,0,0,4,0,0.0,0,1,0,,2026-07-18 07:10:52
TEA-ATM-69B2D5E1A7,GENERAL DESCRIPTION,Automatic Transmission Manual,Transmission,,A343E,complete,2,0,0,2,0,0.0,0,1,0,,2026-07-18 07:10:52
TEA-ATM-6F2B4241BB,COMPONENTS,Automatic Transmission Manual,Transmission,,A343E,complete,1,0,0,1,0,0.0,0,1,0,,2026-07-18 07:10:52
TEA-ATM-73A788BBFF,SECOND COAST BRAKE BAND INSPECTION,Automatic Transmission Manual,Transmission,,A343E,complete,2,0,0,2,0,0.0,0,1,0,,2026-07-18 07:10:52
TEA-ATM-741120EA0F,COMPONENT PARTS INSTALLATION,Automatic Transmission Manual,Transmission,,A343E,complete,2,0,0,2,0,0.0,0,1,0,,2026-07-18 07:10:52
TEA-ATM-74AA5B2DAA,REAR PLANETARY GEAR INSPECTION,Automatic Transmission Manual,Transmission,,A343E,complete,3,0,0,3,0,0.0,0,1,0,,2026-07-18 07:10:52
TEA-ATM-753391F953,REASSEMBLY,Automatic Transmission Manual,Transmission,,A343E,complete,24,0,24,0,23357,973.2083333333334,1,0,0,,2026-07-18 07:10:52
TEA-ATM-76A1868914,FORWARD CLUTCH INSPECTION,Automatic Transmission Manual,Transmission,,A343E,complete,1,0,0,1,0,0.0,0,1,0,,2026-07-18 07:10:52
TEA-ATM-7A25D76658,GENERAL INFORMATION,Automatic Transmission Manual,Transmission,,A343E,complete,2,0,2,0,2507,1253.5,1,0,0,,2026-07-18 07:10:52
TEA-ATM-7A9032EFD8,COMPONENTS,Automatic Transmission Manual,Transmission,,A343E,complete,2,0,0,2,0,0.0,0,1,0,,2026-07-18 07:10:52
TEA-ATM-7D0208F2FF,RECOMMENDED TOOLS,Automatic Transmission Manual,Transmission,,A343E,complete,2,0,0,2,0,0.0,0,1,0,,2026-07-18 07:10:52
TEA-ATM-86B1DA3083,VALVE BODY SPRINGS SPECIFICATIONS,Automatic Transmission Manual,Transmission,,A343E,complete,1,0,0,1,0,0.0,0,1,0,,2026-07-18 07:10:52
TEA-ATM-899BDBA2F6,COMPONENTS,Automatic Transmission Manual,Transmission,,A343E,complete,2,0,0,2,0,0.0,0,1,0,,2026-07-18 07:10:52
TEA-ATM-8A0EFAF8C9,SECOND BRAKE ASSEMBLY,Automatic Transmission Manual,Transmission,,A343E,complete,1,0,0,1,0,0.0,0,1,0,,2026-07-18 07:10:52
TEA-ATM-8CB27E85A5,FORWARD CLUTCH ASSEMBLY,Automatic Transmission Manual,Transmission,,A343E,complete,2,0,0,2,0,0.0,0,1,0,,2026-07-18 07:10:52
TEA-ATM-9674876E50,TORQUE SPECIFICATIONS,Automatic Transmission Manual,Transmission,,A343E,complete,1,0,0,1,0,0.0,0,1,0,,2026-07-18 07:10:53
TEA-ATM-988AF7DF0D,ABBREVIATIONS USED IN THIS MANUAL,Automatic Transmission Manual,Transmission,,A343E,complete,1,0,1,0,546,546.0,1,0,0,,2026-07-18 07:10:53
TEA-ATM-9D5599E1AE,COMPONENTS,Automatic Transmission Manual,Transmission,,A343E,complete,2,0,0,2,0,0.0,0,1,0,,2026-07-18 07:10:53
TEA-ATM-9DA0FAFC9F,SERVICE DATA,Automatic Transmission Manual,Transmission,,A343E,complete,3,0,3,0,4486,1495.3333333333333,1,0,0,,2026-07-18 07:10:53
TEA-ATM-A3030F404C,PLANETARY SUN GEAR AND NO.1 ONE-WAY CLUTCH ASSEMBLY,Automatic Transmission Manual,Transmission,,A343E,pending,,,,,,,,,,,
TEA-ATM-A3EFF3E23E,DISASSEMBLY,Automatic Transmission Manual,Transmission,,A343E,complete,16,0,16,0,10902,681.375,1,0,0,,2026-07-18 07:10:53
TEA-ATM-A87316FF6D,TRANSMISSION DISASSEMBLY,Automatic Transmission Manual,Transmission,,A343E,complete,16,0,0,16,0,0.0,0,1,0,,2026-07-18 07:10:53
TEA-ATM-AE02D282B6,COMPONENTS,Automatic Transmission Manual,Transmission,,A343E,complete,2,0,0,2,0,0.0,0,1,0,,2026-07-18 07:10:53
TEA-ATM-B0C757111A,VALVE BODY SPRING SPECIFICATIONS,Automatic Transmission Manual,Transmission,,A343E,complete,1,0,0,1,0,0.0,0,1,0,,2026-07-18 07:10:53
TEA-ATM-B15E8F625F,OIL PUMP BUSHING CHECK,Automatic Transmission Manual,Transmission,,A343E,complete,2,0,0,2,0,0.0,0,1,0,,2026-07-18 07:10:53
TEA-ATM-B56534ABD4,DIRECT CLUTCH ASSEMBLY,Automatic Transmission Manual,Transmission,,A343E,complete,2,0,0,2,0,0.0,0,1,0,,2026-07-18 07:10:53
TEA-ATM-B664C8CBB5,DISASSEMBLY,Automatic Transmission Manual,Transmission,,A343E,complete,1,0,1,0,1255,1255.0,1,0,0,,2026-07-18 07:10:53
TEA-ATM-BE6954AD27,COMPONENTS,Automatic Transmission Manual,Transmission,,A343E,complete,2,0,0,2,0,0.0,0,1,0,,2026-07-18 07:10:53
TEA-ATM-C3ACB4ABD0,REASSEMBLY,Automatic Transmission Manual,Transmission,,A343E,complete,2,0,2,0,1520,760.0,1,0,0,,2026-07-18 07:10:53
TEA-ATM-C530DE5E13,DIRECT CLUTCH INSPECTION,Automatic Transmission Manual,Transmission,,A343E,complete,1,0,0,1,0,0.0,0,1,0,,2026-07-18 07:10:53
TEA-ATM-C84859C592,SST (SPECIAL SERVICE TOOLS),Automatic Transmission Manual,Transmission,,A343E,complete,2,0,0,2,0,0.0,0,1,0,,2026-07-18 07:10:53
TEA-ATM-CA10A76D24,ABBREVIATIONS USED IN THIS MANUAL,Automatic Transmission Manual,Transmission,,A343E,complete,1,0,0,1,0,0.0,0,1,0,,2026-07-18 07:10:53
TEA-ATM-CB531187F4,GENERAL INFORMATION,Automatic Transmission Manual,Transmission,,A343E,complete,2,0,2,0,3053,1526.5,1,0,0,,2026-07-18 07:10:53
TEA-ATM-D570DFA58C,INSPECTION,Automatic Transmission Manual,Transmission,,A343E,complete,1,0,1,0,386,386.0,1,0,0,,2026-07-18 07:10:53
TEA-ATM-D5A8075F17,INSPECTION,Automatic Transmission Manual,Transmission,,A343E,complete,1,0,1,0,907,907.0,1,0,0,,2026-07-18 07:10:53
TEA-ATM-D5C48A32EB,RETAINERS AND CHECK BALLS LOCATION,Automatic Transmission Manual,Transmission,,A343E,complete,2,0,0,2,0,0.0,0,1,0,,2026-07-18 07:10:53
TEA-ATM-DBDDC68142,DISASSEMBLY,Automatic Transmission Manual,Transmission,,A343E,complete,2,0,2,0,1615,807.5,1,0,0,,2026-07-18 07:10:53
TEA-ATM-DC2A1155C4,COMPONENTS,Automatic Transmission Manual,Transmission,,A343E,complete,3,0,0,3,0,0.0,0,1,0,,2026-07-18 07:10:53
TEA-ATM-DF1082A640,COMPONENTS,Automatic Transmission Manual,Transmission,,A343E,complete,3,0,0,3,0,0.0,0,1,0,,2026-07-18 07:10:53
TEA-ATM-E026494410,GENERAL NOTES,Automatic Transmission Manual,Transmission,,A343E,complete,1,0,0,1,0,0.0,0,1,0,,2026-07-18 07:10:53
TEA-ATM-E0EEAEDA30,SSM (Special Service Materials),Automatic Transmission Manual,Transmission,,A343E,complete,1,0,1,0,240,240.0,1,0,0,,2026-07-18 07:10:53
TEA-ATM-E85CD25BB5,EQUIPMENT,Automatic Transmission Manual,Transmission,,A343E,complete,1,0,1,0,209,209.0,1,0,0,,2026-07-18 07:10:53
TEA-ATM-EB8050C43C,HOW TO DETERMINE NUT STRENGTH,Automatic Transmission Manual,Transmission,,A343E,complete,1,0,1,0,620,620.0,1,0,0,,2026-07-18 07:10:53
TEA-ATM-EE402DD205,COMPONENTS,Automatic Transmission Manual,Transmission,,A343E,complete,1,0,0,1,0,0.0,0,1,0,,2026-07-18 07:10:53
TEA-ATM-F0EE1505EA,EXTENSION HOUSING DISASSEMBLY,Automatic Transmission Manual,Transmission,,A343E,complete,2,0,0,2,0,0.0,0,1,0,,2026-07-18 07:10:53
TEA-ATM-F52A0C19EA,STANDARD BOLT TORQUE SPECIFICATIONS,Automatic Transmission Manual,Transmission,,A343E,complete,2,0,0,2,0,0.0,0,1,0,,2026-07-18 07:10:53
TEA-ATM-F9664928BA,SECOND BRAKE INSPECTION,Automatic Transmission Manual,Transmission,,A343E,complete,1,0,0,1,0,0.0,0,1,0,,2026-07-18 07:10:53
TEA-ATM-FB9B50230E,REASSEMBLY,Automatic Transmission Manual,Transmission,,A343E,complete,1,0,1,0,392,392.0,1,0,0,,2026-07-18 07:10:53
TEA-ATM-FFB540CFB3,"OVERDRIVE PLANETARY GEAR, OVERDRIVE DIRECT CLUTCH AND OVERDRIVE ONE-WAY CLUTCH ASSEMBLY",Automatic Transmission Manual,Transmission,,A343E,pending,,,,,,,,,,,
TEA-BRM-0090C39FA3,REAR DOOR OUTER PANEL (ASSY),Body Repair Manual,Body,,,complete,2,0,2,0,1009,504.5,1,0,0,,2026-07-18 07:10:53
TEA-BRM-02D59FC99C,FRONT CROSSMEMBER (ASSY),Body Repair Manual,Body,,,complete,2,0,2,0,417,208.5,1,0,0,,2026-07-18 07:10:53
TEA-BRM-0E5814E66F,VEHICLE LIFT AND SUPPORT LOCATIONS,Body Repair Manual,Body,,,complete,2,0,2,0,145,72.5,1,0,0,,2026-07-18 07:10:53
TEA-BRM-16A15C9CD0,FRONT SIDE MEMBER (ASSY),Body Repair Manual,Body,,,complete,2,0,2,0,477,238.5,1,0,0,,2026-07-18 07:10:53
TEA-BRM-1D02188CAE,FRONT BODY PILLAR (CUT),Body Repair Manual,Body,,,complete,4,0,4,0,1687,421.75,1,0,0,,2026-07-18 07:10:53
TEA-BRM-268B9ED14D,UPPER BACK PANEL (ASSY),Body Repair Manual,Body,,,complete,2,0,2,0,459,229.5,1,0,0,,2026-07-18 07:10:53
TEA-BRM-269C952570,QUARTER WHEEL HOUSING OUTER PANEL (ASSY),Body Repair Manual,Body,,,complete,2,0,2,0,613,306.5,1,0,0,,2026-07-18 07:10:53
TEA-BRM-28C7B51B90,FRONT FENDER APRON (ASSY),Body Repair Manual,Body,,,complete,2,0,2,0,689,344.5,1,0,0,,2026-07-18 07:10:53
TEA-BRM-2A0DA79577,REAR FLOOR SIDE REAR MEMBER (ASSY),Body Repair Manual,Body,,,complete,2,0,2,0,651,325.5,1,0,0,,2026-07-18 07:10:53
TEA-BRM-2FF0D16CAD,GENERAL INFORMATION,Body Repair Manual,Body,,,complete,2,0,2,0,2304,1152.0,1,0,0,,2026-07-18 07:10:53
TEA-BRM-3C606A765E,LOCATION OF PLASTIC BODY PARTS,Body Repair Manual,Body,,,complete,1,0,1,0,566,566.0,1,0,0,,2026-07-18 07:10:53
TEA-BRM-3CB8F6A081,RADIATOR SUPPORT (ASSY),Body Repair Manual,Body,,,complete,2,0,2,0,508,254.0,1,0,0,,2026-07-18 07:10:53
TEA-BRM-410AC9825E,ROCKER OUTER PANEL (CUT),Body Repair Manual,Body,,,complete,2,0,2,0,670,335.0,1,0,0,,2026-07-18 07:10:53
TEA-BRM-48009DC4C5,SILENCER SHEET INSTALLATION AREAS,Body Repair Manual,Body,,,complete,2,0,2,0,610,305.0,1,0,0,,2026-07-18 07:10:53
TEA-BRM-49240D3256,FIT STANDARDS,Body Repair Manual,Body,,,complete,1,0,1,0,273,273.0,1,0,0,,2026-07-18 07:10:53
TEA-BRM-4AAC56A823,HANDLING PRECAUTIONS ON RELATED COMPONENTS,Body Repair Manual,Body,,,complete,4,0,4,0,11773,2943.25,1,0,0,,2026-07-18 07:10:53
TEA-BRM-4C53FFF932,BODY DIMENSION DRAWINGS,Body Repair Manual,Body,,,complete,10,0,10,0,11727,1172.7,1,0,0,,2026-07-18 07:10:53
TEA-BRM-4DC61937F2,BODY PANEL SEALING AREAS,Body Repair Manual,Body,,,complete,6,0,6,0,1158,193.0,1,0,0,,2026-07-18 07:10:53
TEA-BRM-5369FCC8F2,FRONT SIDE MEMBER (CUT-P),Body Repair Manual,Body,,,complete,2,0,2,0,822,411.0,1,0,0,,2026-07-18 07:10:53
TEA-BRM-561B9A86A9,HIGH-STRENGTH STEEL (HSS) PARTS,Body Repair Manual,Body,,,complete,1,0,1,0,940,940.0,1,0,0,,2026-07-18 07:10:53
TEA-BRM-5DF95F7ACC,FRONT SIDE MEMBER TO DUSH PANEL CROSSEMEMBER (CUT-H),Body Repair Manual,Body,,,complete,2,0,2,0,496,248.0,1,0,0,,2026-07-18 07:10:53
TEA-BRM-5F6C46D35D,GENERAL REPAIR INSTRUCTIONS,Body Repair Manual,Body,,,complete,5,0,5,0,5821,1164.2,1,0,0,,2026-07-18 07:10:53
TEA-BRM-6336B8AB57,FRONT FENDER FRONT APRON (ASSY),Body Repair Manual,Body,,,complete,2,0,2,0,310,155.0,1,0,0,,2026-07-18 07:10:53
TEA-BRM-6D5EAD097B,BODY PANEL ANTI-RUST AGENT (WAX) APPLICATION AREAS,Body Repair Manual,Body,,,complete,1,0,1,0,544,544.0,1,0,0,,2026-07-18 07:10:53
TEA-BRM-7986692F30,SYMBOLS,Body Repair Manual,Body,,,complete,2,0,2,0,1039,519.5,1,0,0,,2026-07-18 07:10:54
TEA-BRM-798BF67700,FRONT DOOR OUTER PANEL (ASSY),Body Repair Manual,Body,,,complete,2,0,2,0,1009,504.5,1,0,0,,2026-07-18 07:10:54
TEA-BRM-7C57CB3E0A,COWL TOP SIDE PANEL (ASSY),Body Repair Manual,Body,,,complete,2,0,2,0,733,366.5,1,0,0,,2026-07-18 07:10:54
TEA-BRM-86D39293AA,CENTER BODY PILLAR (CUT),Body Repair Manual,Body,,,complete,4,0,4,0,1930,482.5,1,0,0,,2026-07-18 07:10:54
TEA-BRM-945C07E438,RIVET REMOVAL AND INSTALLATION,Body Repair Manual,Body,,,complete,4,0,4,0,4471,1117.75,1,0,0,,2026-07-18 07:10:54
TEA-BRM-9B39D04AFE,QUARTER PANEL (CUT),Body Repair Manual,Body,,,complete,4,0,4,0,1308,327.0,1,0,0,,2026-07-18 07:10:54
TEA-BRM-9B58DE63F0,GENERAL INFORMATION,Body Repair Manual,Body,,,complete,1,0,1,0,1452,1452.0,1,0,0,,2026-07-18 07:10:54
TEA-BRM-9EDA360371,BODY LOWER BACK PANEL (CUT),Body Repair Manual,Body,,,complete,2,0,2,0,336,168.0,1,0,0,,2026-07-18 07:10:54
TEA-BRM-A388B5A7E2,"REAR FLOOR No.1 CROSSMEMBER, REAR FLOOR No.2 CROSSMEMBER (ASSY)",Body Repair Manual,Body,,,pending,,,,,,,,,,,
TEA-BRM-A5BCABFB00,BODY PANEL UNDERCOATING AREAS,Body Repair Manual,Body,,,complete,1,0,1,0,1083,1083.0,1,0,0,,2026-07-18 07:10:54
TEA-BRM-A7EA4A6064,RUST-RESISTANT SHEET STEEL PARTS,Body Repair Manual,Body,,,complete,2,0,2,0,1656,828.0,1,0,0,,2026-07-18 07:10:54
TEA-BRM-A81F797552,RADIATOR SIDE SUPPORT (ASSY),Body Repair Manual,Body,,,complete,2,0,2,0,345,172.5,1,0,0,,2026-07-18 07:10:54
TEA-BRM-A83F61914C,FRONT APRON TO COWL SIDE MEMBER (ASSY),Body Repair Manual,Body,,,complete,2,0,2,0,936,468.0,1,0,0,,2026-07-18 07:10:54
TEA-BRM-A8EA2EDAD8,COWL TOP TO APRON BRACE (ASSY): Driver Side,Body Repair Manual,Body,,,complete,4,0,4,0,516,129.0,1,0,0,,2026-07-18 07:10:54
TEA-BRM-AD551875E7,ABBREVIATIONS USED IN THIS MANUAL,Body Repair Manual,Body,,,complete,2,0,1,0,624,312.0,1,0,0,,2026-07-18 07:10:54
TEA-BRM-ADD28F9436,FRONT SIDE MEMBER REAR No.1 INNER REINFORCEMENT (ASSY),Body Repair Manual,Body,,,pending,,,,,,,,,,,
TEA-BRM-B7347446BD,QUARTER PANEL END HOUSING (ASSY),Body Repair Manual,Body,,,complete,2,0,2,0,268,134.0,1,0,0,,2026-07-18 07:10:54
TEA-BRM-B8A13657C8,REAR FLOOR SIDE MEMBER BRACE (ASSY),Body Repair Manual,Body,,,complete,2,0,2,0,228,114.0,1,0,0,,2026-07-18 07:10:54
TEA-BRM-B9371B9921,HANDLING PRECAUTIONS,Body Repair Manual,Body,,,complete,2,0,2,0,4720,2360.0,1,0,0,,2026-07-18 07:10:54
TEA-BRM-C05A7ECEFF,REAR FLOOR PAN (ASSY),Body Repair Manual,Body,,,complete,2,0,2,0,177,88.5,1,0,0,,2026-07-18 07:10:54
TEA-BRM-C13AC88773,BODY PANEL ANTI-CHIPPING PAINT APPLICATION AREAS,Body Repair Manual,Body,,,complete,1,0,1,0,400,400.0,1,0,0,,2026-07-18 07:10:54
TEA-BRM-C7DBCAD5F1,REAR FLOOR REAR PAN (ASSY),Body Repair Manual,Body,,,complete,2,0,2,0,187,93.5,1,0,0,,2026-07-18 07:10:54
TEA-BRM-D49D509E89,HOW TO USE THIS MANUAL,Body Repair Manual,Body,,,complete,2,0,2,0,1211,605.5,1,0,0,,2026-07-18 07:10:54
TEA-BRM-E7BFB5F8D2,ROOF PANEL (ASSY),Body Repair Manual,Body,,,complete,3,0,2,0,1083,361.0,1,0,0,,2026-07-18 07:10:54
TEA-BRM-F3B715B832,RADIATOR UPPER SUPPORT (ASSY),Body Repair Manual,Body,,,complete,2,0,2,0,298,149.0,1,0,0,,2026-07-18 07:10:54
TEA-ERM-0126243384,REASSEMBLY,Engine Repair Manual,Engine,1GZ-FE,,complete,2,0,2,0,1574,787.0,1,0,0,,2026-07-18 07:10:54
TEA-ERM-013E33B4B9,REPLACEMENT,Engine Repair Manual,Engine,1GZ-FE,,complete,1,0,1,0,1425,1425.0,1,0,0,,2026-07-18 07:10:54
TEA-ERM-021300D752,DISASSEMBLY,Engine Repair Manual,Engine,1GZ-FE,,complete,1,0,1,0,441,441.0,1,0,0,,2026-07-18 07:10:54
TEA-ERM-0295763598,SERVICE DATA,Engine Repair Manual,Engine,1GZ-FE,,complete,4,0,4,0,7487,1871.75,1,0,0,,2026-07-18 07:10:54
TEA-ERM-0449714E3D,RECOMMENDED TOOLS,Engine Repair Manual,Engine,1GZ-FE,,complete,1,0,1,0,113,113.0,1,0,0,,2026-07-18 07:10:54
TEA-ERM-04A8C9C0C9,SST (Special Service Tools),Engine Repair Manual,Engine,1GZ-FE,,complete,1,0,1,0,503,503.0,1,0,0,,2026-07-18 07:10:54
TEA-ERM-0547FA92C5,DISASSEMBLY,Engine Repair Manual,Engine,1GZ-FE,,complete,1,0,1,0,369,369.0,1,0,0,,2026-07-18 07:10:54
TEA-ERM-06A348F1E2,DIAGNOSTIC TROUBLE CODE CHART,Engine Repair Manual,Engine,1GZ-FE,,complete,3,0,3,0,5770,1923.3333333333333,1,0,0,,2026-07-18 07:10:54
TEA-ERM-0747C051CE,Back Up Power Source Circuit ( 2001.12 - ) [ Only for Hong Kong ],Engine Repair Manual,Engine,1GZ-FE,,pending,,,,,,,,,,,
TEA-ERM-07C43445ED,REASSEMBLY,Engine Repair Manual,Engine,1GZ-FE,,complete,2,0,2,0,2512,1256.0,1,0,0,,2026-07-18 07:10:54
TEA-ERM-093518CC37,COMPONENTS,Engine Repair Manual,Engine,1GZ-FE,,complete,1,0,1,0,461,461.0,1,0,0,,2026-07-18 07:10:54
TEA-ERM-0A211236E7,COMPONENTS,Engine Repair Manual,Engine,1GZ-FE,,complete,1,0,1,0,175,175.0,1,0,0,,2026-07-18 07:10:54
TEA-ERM-0AB0403C02,REMOVAL,Engine Repair Manual,Engine,1GZ-FE,,complete,1,0,1,0,390,390.0,1,0,0,,2026-07-18 07:10:54
TEA-ERM-0B549BACF5,SST (Special Service Tools),Engine Repair Manual,Engine,1GZ-FE,,complete,1,0,1,0,222,222.0,1,0,0,,2026-07-18 07:10:54
TEA-ERM-0E6C27E8F3,SST (Special Service Tools),Engine Repair Manual,Engine,1GZ-FE,,complete,1,0,1,0,277,277.0,1,0,0,,2026-07-18 07:10:54
TEA-ERM-0F22BB2680,TORQUE SPECIFICATION,Engine Repair Manual,Engine,1GZ-FE,,complete,1,0,1,0,541,541.0,1,0,0,,2026-07-18 07:10:54
TEA-ERM-10A12DCCDF,REMOVAL,Engine Repair Manual,Engine,1GZ-FE,,complete,1,0,1,0,359,359.0,1,0,0,,2026-07-18 07:10:54
TEA-ERM-12DB2E6BA5,COMPONENTS,Engine Repair Manual,Engine,1GZ-FE,,complete,1,0,1,0,522,522.0,1,0,0,,2026-07-18 07:10:54
TEA-ERM-1352F09FD3,P1640/89,Engine Repair Manual,Engine,1GZ-FE,,complete,1,0,1,0,888,888.0,1,0,0,,2026-07-18 07:10:54
TEA-ERM-1496A136AF,DISASSEMBLY,Engine Repair Manual,Engine,1GZ-FE,,complete,2,0,2,0,1474,737.0,1,0,0,,2026-07-18 07:10:54
TEA-ERM-14983D90AA,INSPECTION,Engine Repair Manual,Engine,1GZ-FE,,complete,1,0,1,0,530,530.0,1,0,0,,2026-07-18 07:10:54
TEA-ERM-14C70BEAD7,P1349/59 ( 2001.12 - ) [ Only for Hong Kong ],Engine Repair Manual,Engine,1GZ-FE,,complete,7,0,7,0,6913,987.5714285714286,1,0,0,,2026-07-18 07:10:54
TEA-ERM-15C6DAF589,GENERAL INFORMATION,Engine Repair Manual,Engine,1GZ-FE,,complete,1,0,1,0,1015,1015.0,1,0,0,,2026-07-18 07:10:54
TEA-ERM-15FC378A0C,INSPECTION,Engine Repair Manual,Engine,1GZ-FE,,complete,1,0,1,0,812,812.0,1,0,0,,2026-07-18 07:10:54
TEA-ERM-165971E82A,TERMINALS OF ECU ( 2001.12 - ) [ Only for Hong Kong ],Engine Repair Manual,Engine,1GZ-FE,,complete,4,0,4,0,8080,2020.0,1,0,0,,2026-07-18 07:10:54
TEA-ERM-1771DCAF3F,COMPONENTS,Engine Repair Manual,Engine,1GZ-FE,,complete,1,0,1,0,268,268.0,1,0,0,,2026-07-18 07:10:54
TEA-ERM-17D4517E2F,SERVICE DATA,Engine Repair Manual,Engine,1GZ-FE,,complete,1,0,1,0,417,417.0,1,0,0,,2026-07-18 07:10:54
TEA-ERM-185CA3FC94,HOW TO DETERMINE NUT STRENGTH ( 2001.12 - ) [ Only for Hong Kong ],Engine Repair Manual,Engine,1GZ-FE,,pending,,,,,,,,,,,
TEA-ERM-18739B8628,INSTALLATION,Engine Repair Manual,Engine,1GZ-FE,,complete,1,0,1,0,486,486.0,1,0,0,,2026-07-18 07:10:54
TEA-ERM-18DC335357,EQUIPMENT,Engine Repair Manual,Engine,1GZ-FE,,complete,1,0,1,0,236,236.0,1,0,0,,2026-07-18 07:10:54
TEA-ERM-191358E5F1,ON-VEHICLE INSPECTION,Engine Repair Manual,Engine,1GZ-FE,,complete,2,0,2,0,2416,1208.0,1,0,0,,2026-07-18 07:10:54
TEA-ERM-1ABA1B7439,HOW TO PROCEED WITH TROUBLESHOOTING,Engine Repair Manual,Engine,1GZ-FE,,complete,2,0,2,0,2034,1017.0,1,0,0,,2026-07-18 07:10:54
TEA-ERM-1B75C619C0,INSTALLATION,Engine Repair Manual,Engine,1GZ-FE,,complete,1,0,1,0,596,596.0,1,0,0,,2026-07-18 07:10:55
TEA-ERM-1C50D5912F,REASSEMBLY,Engine Repair Manual,Engine,1GZ-FE,,complete,3,0,3,0,2094,698.0,1,0,0,,2026-07-18 07:10:55
TEA-ERM-1DDA41501A,COMPONENTS,Engine Repair Manual,Engine,1GZ-FE,,complete,2,0,2,0,464,232.0,1,0,0,,2026-07-18 07:10:55
TEA-ERM-1E462952EB,P0130/21 ( 2001.12 - ) [ Only for Hong Kong ],Engine Repair Manual,Engine,1GZ-FE,,complete,6,0,6,0,7237,1206.1666666666667,1,0,0,,2026-07-18 07:10:55
TEA-ERM-1E958A46D0,INSTALLATION,Engine Repair Manual,Engine,1GZ-FE,,complete,1,0,1,0,1344,1344.0,1,0,0,,2026-07-18 07:10:55
TEA-ERM-1F125B5CA4,REMOVAL,Engine Repair Manual,Engine,1GZ-FE,,complete,4,0,4,0,5395,1348.75,1,0,0,,2026-07-18 07:10:55
TEA-ERM-200D0BEFC4,REPLACEMENT,Engine Repair Manual,Engine,1GZ-FE,,complete,4,0,4,0,3267,816.75,1,0,0,,2026-07-18 07:10:55
TEA-ERM-214E5D4E80,P1200/78,Engine Repair Manual,Engine,1GZ-FE,,complete,3,0,3,0,2753,917.6666666666666,1,0,0,,2026-07-18 07:10:55
TEA-ERM-2171CFF2BB,B1300/56,Engine Repair Manual,Engine,1GZ-FE,,complete,2,0,2,0,876,438.0,1,0,0,,2026-07-18 07:10:55
TEA-ERM-23B4EB6479,INSPECTION,Engine Repair Manual,Engine,1GZ-FE,,complete,1,0,1,0,795,795.0,1,0,0,,2026-07-18 07:10:55
TEA-ERM-250EB0E65E,BLEEDING,Engine Repair Manual,Engine,1GZ-FE,,complete,1,0,1,0,974,974.0,1,0,0,,2026-07-18 07:10:55
TEA-ERM-251DA00B88,P0136/27 ( 2001.12 - ) [ Only for Hong Kong ],Engine Repair Manual,Engine,1GZ-FE,,complete,2,0,2,0,2409,1204.5,1,0,0,,2026-07-18 07:10:55
TEA-ERM-25E2B4C5AA,REASSEMBLY,Engine Repair Manual,Engine,1GZ-FE,,complete,1,0,1,0,666,666.0,1,0,0,,2026-07-18 07:10:55
TEA-ERM-2762A0FDDD,SSM (Special Service Materials),Engine Repair Manual,Engine,1GZ-FE,,complete,1,0,1,0,192,192.0,1,0,0,,2026-07-18 07:10:55
TEA-ERM-2A944E3089,ON-VEHICLE INSPECTION,Engine Repair Manual,Engine,1GZ-FE,,complete,1,0,1,0,176,176.0,1,0,0,,2026-07-18 07:10:55
TEA-ERM-2BDAE16830,P1300/14 ( 2001.12 - ) [ Only for Hong Kong ],Engine Repair Manual,Engine,1GZ-FE,,complete,7,0,7,0,6312,901.7142857142857,1,0,0,,2026-07-18 07:10:55
TEA-ERM-2D205EAD7F,COMPONENTS,Engine Repair Manual,Engine,1GZ-FE,,complete,1,0,1,0,792,792.0,1,0,0,,2026-07-18 07:10:55
TEA-ERM-2EE03556C7,ON-VEHICLE INSPECTION,Engine Repair Manual,Engine,1GZ-FE,,complete,3,0,3,0,3754,1251.3333333333333,1,0,0,,2026-07-18 07:10:55
TEA-ERM-309D975964,HOW TO PROCEED WITH TROUBLESHOOTING,Engine Repair Manual,Engine,1GZ-FE,,pending,,,,,,,,,,,
TEA-ERM-31D9BCCF2F,P0120/41,Engine Repair Manual,Engine,1GZ-FE,,complete,7,0,7,0,6372,910.2857142857143,1,0,0,,2026-07-18 07:10:55
TEA-ERM-3209AB2525,INSTALLATION,Engine Repair Manual,Engine,1GZ-FE,,complete,1,0,1,0,157,157.0,1,0,0,,2026-07-18 07:10:55
TEA-ERM-32205D2B11,INSTALLATION,Engine Repair Manual,Engine,1GZ-FE,,complete,2,0,2,0,2686,1343.0,1,0,0,,2026-07-18 07:10:55
TEA-ERM-334FE374A1,TEST,Engine Repair Manual,Engine,1GZ-FE,,complete,1,0,1,0,988,988.0,1,0,0,,2026-07-18 07:10:55
TEA-ERM-341EE2DBBD,COMPONENTS,Engine Repair Manual,Engine,1GZ-FE,,complete,1,0,1,0,550,550.0,1,0,0,,2026-07-18 07:10:55
TEA-ERM-3955CBF8C6,RECOMMENDED TOOLS,Engine Repair Manual,Engine,1GZ-FE,,complete,1,0,1,0,116,116.0,1,0,0,,2026-07-18 07:10:55
TEA-ERM-3B69E5AB3F,TORQUE SPECIFICATION,Engine Repair Manual,Engine,1GZ-FE,,complete,1,0,1,0,959,959.0,1,0,0,,2026-07-18 07:10:55
TEA-ERM-3CA141759F,SERVICE DATA,Engine Repair Manual,Engine,1GZ-FE,,complete,1,0,1,0,1119,1119.0,1,0,0,,2026-07-18 07:10:55
TEA-ERM-3CD10F4FD9,INSTALLATION,Engine Repair Manual,Engine,1GZ-FE,,complete,1,0,1,0,360,360.0,1,0,0,,2026-07-18 07:10:55
TEA-ERM-3D6DCEE4A3,INSTALLATION,Engine Repair Manual,Engine,1GZ-FE,,complete,1,0,1,0,522,522.0,1,0,0,,2026-07-18 07:10:55
TEA-ERM-3D6DD2F5DC,COMPONENTS,Engine Repair Manual,Engine,1GZ-FE,,complete,1,0,1,0,498,498.0,1,0,0,,2026-07-18 07:10:55
TEA-ERM-3E1A2772F6,PRE-CHECK,Engine Repair Manual,Engine,1GZ-FE,,complete,12,0,12,0,17676,1473.0,1,0,0,,2026-07-18 07:10:55
TEA-ERM-3E80C4D67C,INSPECTION,Engine Repair Manual,Engine,1GZ-FE,,complete,1,0,1,0,709,709.0,1,0,0,,2026-07-18 07:10:55
TEA-ERM-411750E885,COMPONENTS ( 2001.12 - ) [ Only for Hong Kong ],Engine Repair Manual,Engine,1GZ-FE,,complete,4,0,4,0,3330,832.5,1,0,0,,2026-07-18 07:10:55
TEA-ERM-41A87F383E,Starter Signal Circuit ( 2001.12 - ) [ Only for Hong Kong ],Engine Repair Manual,Engine,1GZ-FE,,complete,5,0,5,0,3885,777.0,1,0,0,,2026-07-18 07:10:55
TEA-ERM-431FE5FCCD,"P1127/11,12,51,52 ( 2001.12 - ) [ Only for Hong Kong ]",Engine Repair Manual,Engine,1GZ-FE,,complete,4,0,4,0,3349,837.25,1,0,0,,2026-07-18 07:10:55
TEA-ERM-43FE3DF391,GENERAL INFORMATION ( 2001.12 - ) [ Only for Hong Kong ],Engine Repair Manual,Engine,1GZ-FE,,pending,,,,,,,,,,,
TEA-ERM-4451EC8B43,INSPECTION,Engine Repair Manual,Engine,1GZ-FE,,complete,2,0,2,0,2473,1236.5,1,0,0,,2026-07-18 07:10:55
TEA-ERM-4479C610F7,ON-VEHICLE INSPECTION,Engine Repair Manual,Engine,1GZ-FE,,pending,,,,,,,,,,,
TEA-ERM-449CCCF0C1,INSTALLATION,Engine Repair Manual,Engine,1GZ-FE,,complete,6,0,6,0,8568,1428.0,1,0,0,,2026-07-18 07:10:55
TEA-ERM-457BE7AB0F,INSTALLATION,Engine Repair Manual,Engine,1GZ-FE,,complete,1,0,1,0,755,755.0,1,0,0,,2026-07-18 07:10:55
TEA-ERM-463332CFD2,TORQUE SPECIFICATION,Engine Repair Manual,Engine,1GZ-FE,,complete,1,0,1,0,764,764.0,1,0,0,,2026-07-18 07:10:55
TEA-ERM-466B4898B5,RECOMMENDED TOOLS,Engine Repair Manual,Engine,1GZ-FE,,complete,1,0,1,0,157,157.0,1,0,0,,2026-07-18 07:10:55
TEA-ERM-468E58A825,REMOVAL,Engine Repair Manual,Engine,1GZ-FE,,complete,8,0,8,0,10484,1310.5,1,0,0,,2026-07-18 07:10:55
TEA-ERM-46CF52BEAA,P0130/21,Engine Repair Manual,Engine,1GZ-FE,,complete,6,0,6,0,6769,1128.1666666666667,1,0,0,,2026-07-18 07:10:55
TEA-ERM-4712F33BD5,ON-VEHICLE INSPECTION,Engine Repair Manual,Engine,1GZ-FE,,complete,1,0,1,0,241,241.0,1,0,0,,2026-07-18 07:10:56
TEA-ERM-47843A91D9,REMOVAL,Engine Repair Manual,Engine,1GZ-FE,,complete,1,0,1,0,523,523.0,1,0,0,,2026-07-18 07:10:56
TEA-ERM-478C235781,HOW TO USE THE DIAGNOSTIC CHART AND INSPECTION PROCEDURE ( 2001.12 - ) [ Only for Hong Kong ],Engine Repair Manual,Engine,1GZ-FE,,pending,,,,,,,,,,,
TEA-ERM-4790CC92C0,P1200/78 ( 2001.12 - ) [ Only for Hong Kong ],Engine Repair Manual,Engine,1GZ-FE,,complete,3,0,3,0,2945,981.6666666666666,1,0,0,,2026-07-18 07:10:56
TEA-ERM-479CBA5CDE,DISASSEMBLY,Engine Repair Manual,Engine,1GZ-FE,,complete,1,0,1,0,1151,1151.0,1,0,0,,2026-07-18 07:10:56
TEA-ERM-47C0B1B608,COMPONENTS,Engine Repair Manual,Engine,1GZ-FE,,complete,1,0,1,0,292,292.0,1,0,0,,2026-07-18 07:10:56
TEA-ERM-484421BA8B,INSPECTION,Engine Repair Manual,Engine,1GZ-FE,,complete,1,0,1,0,840,840.0,1,0,0,,2026-07-18 07:10:56
TEA-ERM-48CD7257BA,INSTALLATION,Engine Repair Manual,Engine,1GZ-FE,,complete,1,0,1,0,694,694.0,1,0,0,,2026-07-18 07:10:56
TEA-ERM-48F35BF0E6,INSPECTION,Engine Repair Manual,Engine,1GZ-FE,,complete,5,0,5,0,6770,1354.0,1,0,0,,2026-07-18 07:10:56
TEA-ERM-4971C319CF,COMPONENTS,Engine Repair Manual,Engine,1GZ-FE,,complete,4,0,4,0,2550,637.5,1,0,0,,2026-07-18 07:10:56
TEA-ERM-49F2E6169C,P1645/82,Engine Repair Manual,Engine,1GZ-FE,,complete,1,0,1,0,656,656.0,1,0,0,,2026-07-18 07:10:56
TEA-ERM-4B030687C1,INSPECTION,Engine Repair Manual,Engine,1GZ-FE,,complete,2,0,2,0,1908,954.0,1,0,0,,2026-07-18 07:10:56
TEA-ERM-4B7FB84C81,INSPECTION,Engine Repair Manual,Engine,1GZ-FE,,complete,1,0,1,0,768,768.0,1,0,0,,2026-07-18 07:10:56
TEA-ERM-4C6C3031AB,INSPECTION,Engine Repair Manual,Engine,1GZ-FE,,complete,1,0,1,0,1022,1022.0,1,0,0,,2026-07-18 07:10:56
TEA-ERM-4CF98FA65C,P0136/27,Engine Repair Manual,Engine,1GZ-FE,,complete,2,0,2,0,2281,1140.5,1,0,0,,2026-07-18 07:10:56
TEA-ERM-4D590D5850,DIAGNOSTIC TROUBLE CODE CHART ( 2001.12 - ) [ Only for Hong Kong ],Engine Repair Manual,Engine,1GZ-FE,,pending,,,,,,,,,,,
TEA-ERM-4F22E9B1C2,INSTALLATION,Engine Repair Manual,Engine,1GZ-FE,,complete,11,0,11,0,14865,1351.3636363636363,1,0,0,,2026-07-18 07:10:56
TEA-ERM-501C4C55F8,P0171/25,Engine Repair Manual,Engine,1GZ-FE,,complete,4,0,4,0,3993,998.25,1,0,0,,2026-07-18 07:10:56
TEA-ERM-50876C2A19,HOW TO USE THE DIAGNOSTIC CHART AND INSPECTION PROCEDURE,Engine Repair Manual,Engine,1GZ-FE,,pending,,,,,,,,,,,
TEA-ERM-5210225766,COMPONENTS,Engine Repair Manual,Engine,1GZ-FE,,complete,1,0,1,0,743,743.0,1,0,0,,2026-07-18 07:10:56
TEA-ERM-52AB651F37,ON-VEHICLE INSPECTION,Engine Repair Manual,Engine,1GZ-FE,,complete,1,0,1,0,786,786.0,1,0,0,,2026-07-18 07:10:56
TEA-ERM-52EDFB4A8B,SST (Special Service Tools),Engine Repair Manual,Engine,1GZ-FE,,complete,4,0,4,0,1561,390.25,1,0,0,,2026-07-18 07:10:56
TEA-ERM-53842BC76C,P1656/39,Engine Repair Manual,Engine,1GZ-FE,,complete,3,0,3,0,2879,959.6666666666666,1,0,0,,2026-07-18 07:10:56
TEA-ERM-549204F821,PARTS LOCATION ( 2001.12 - ) [ Only for Hong Kong ],Engine Repair Manual,Engine,1GZ-FE,,complete,1,0,1,0,568,568.0,1,0,0,,2026-07-18 07:10:56
TEA-ERM-54AEEEB623,REMOVAL,Engine Repair Manual,Engine,1GZ-FE,,complete,1,0,1,0,736,736.0,1,0,0,,2026-07-18 07:10:56
TEA-ERM-5510ECA2AF,INSPECTION,Engine Repair Manual,Engine,1GZ-FE,,complete,1,0,1,0,1001,1001.0,1,0,0,,2026-07-18 07:10:56
TEA-ERM-55532B8C2E,COMPONENTS ( 2001.12 - ) [ Only for Hong Kong ],Engine Repair Manual,Engine,1GZ-FE,,pending,,,,,,,,,,,
TEA-ERM-56180CE2C7,ABBREVIATIONS USED IN THIS MANUAL ( 2001.12 - ) [ Only for Hong Kong ],Engine Repair Manual,Engine,1GZ-FE,,pending,,,,,,,,,,,
TEA-ERM-599F8005D1,REASSEMBLY,Engine Repair Manual,Engine,1GZ-FE,,complete,1,0,1,0,396,396.0,1,0,0,,2026-07-18 07:10:56
TEA-ERM-5A7116855E,COMPONENTS,Engine Repair Manual,Engine,1GZ-FE,,complete,1,0,1,0,237,237.0,1,0,0,,2026-07-18 07:10:56
TEA-ERM-5AE8556849,"P1125/21,22 ( 2001.12 - ) [ Only for Hong Kong ]",Engine Repair Manual,Engine,1GZ-FE,,complete,3,0,3,0,2076,692.0,1,0,0,,2026-07-18 07:10:56
TEA-ERM-5B3F9BB49E,INSPECTION,Engine Repair Manual,Engine,1GZ-FE,,complete,1,0,1,0,892,892.0,1,0,0,,2026-07-18 07:10:56
TEA-ERM-5B8475F879,INSPECTION,Engine Repair Manual,Engine,1GZ-FE,,complete,1,0,1,0,800,800.0,1,0,0,,2026-07-18 07:10:56
TEA-ERM-5BC8022B74,REMOVAL,Engine Repair Manual,Engine,1GZ-FE,,complete,1,0,1,0,552,552.0,1,0,0,,2026-07-18 07:10:56
TEA-ERM-5C2D258134,P0115/22 ( 2001.12 - ) [ Only for Hong Kong ],Engine Repair Manual,Engine,1GZ-FE,,complete,6,0,6,0,5886,981.0,1,0,0,,2026-07-18 07:10:56
TEA-ERM-5D3E054C9C,REMOVAL,Engine Repair Manual,Engine,1GZ-FE,,complete,1,0,1,0,237,237.0,1,0,0,,2026-07-18 07:10:56
TEA-ERM-5DB7BFC68C,COMPONENTS,Engine Repair Manual,Engine,1GZ-FE,,complete,4,0,4,0,3503,875.75,1,0,0,,2026-07-18 07:10:56
TEA-ERM-5F54A4E683,"P0340/12,13 ( 2001.12 - ) [ Only for Hong Kong ]",Engine Repair Manual,Engine,1GZ-FE,,complete,2,0,2,0,2580,1290.0,1,0,0,,2026-07-18 07:10:56
TEA-ERM-5F6C46A395,INSTALLATION,Engine Repair Manual,Engine,1GZ-FE,,complete,1,0,1,0,972,972.0,1,0,0,,2026-07-18 07:10:56
TEA-ERM-6192B67CBB,P1125/24,Engine Repair Manual,Engine,1GZ-FE,,complete,3,0,3,0,1875,625.0,1,0,0,,2026-07-18 07:10:56
TEA-ERM-62C7F9A9A9,DISASSEMBLY,Engine Repair Manual,Engine,1GZ-FE,,complete,1,0,1,0,672,672.0,1,0,0,,2026-07-18 07:10:56
TEA-ERM-6376616FE1,COMPONENTS,Engine Repair Manual,Engine,1GZ-FE,,complete,1,0,1,0,498,498.0,1,0,0,,2026-07-18 07:10:56
TEA-ERM-63CDA64D45,B1305/57,Engine Repair Manual,Engine,1GZ-FE,,complete,2,0,2,0,809,404.5,1,0,0,,2026-07-18 07:10:56
TEA-ERM-63DB9F2CB9,COMPONENTS,Engine Repair Manual,Engine,1GZ-FE,,complete,1,0,1,0,380,380.0,1,0,0,,2026-07-18 07:10:56
TEA-ERM-63E3C00A4E,DISASSEMBLY,Engine Repair Manual,Engine,1GZ-FE,,complete,1,0,1,0,444,444.0,1,0,0,,2026-07-18 07:10:56
TEA-ERM-6520B55CED,P1641/89 ( 2001.12 - ) [ Only for Hong Kong ],Engine Repair Manual,Engine,1GZ-FE,,complete,1,0,1,0,734,734.0,1,0,0,,2026-07-18 07:10:56
TEA-ERM-652FFDE4FE,INSPECTION,Engine Repair Manual,Engine,1GZ-FE,,complete,1,0,1,0,528,528.0,1,0,0,,2026-07-18 07:10:56
TEA-ERM-668A308966,ON-VEHICLE INSPECTION,Engine Repair Manual,Engine,1GZ-FE,,complete,4,0,4,0,5051,1262.75,1,0,0,,2026-07-18 07:10:56
TEA-ERM-67C6945A57,DISASSEMBLY,Engine Repair Manual,Engine,1GZ-FE,,complete,2,0,2,0,1789,894.5,1,0,0,,2026-07-18 07:10:56
TEA-ERM-67E4F27581,ECU Power Source Circuit,Engine Repair Manual,Engine,1GZ-FE,,complete,6,0,6,0,4256,709.3333333333334,1,0,0,,2026-07-18 07:10:56
TEA-ERM-68BE930D6E,P1346/18,Engine Repair Manual,Engine,1GZ-FE,,complete,8,0,8,0,7444,930.5,1,0,0,,2026-07-18 07:10:56
TEA-ERM-6A54B88A47,ENGINE SERIAL NUMBER ( 2001.12 - ) [ Only for Hong Kong ],Engine Repair Manual,Engine,1GZ-FE,,pending,,,,,,,,,,,
TEA-ERM-701C7DA5A2,INSPECTION,Engine Repair Manual,Engine,1GZ-FE,,complete,1,0,1,0,1424,1424.0,1,0,0,,2026-07-18 07:10:56
TEA-ERM-704A0505FB,COMPONENTS,Engine Repair Manual,Engine,1GZ-FE,,complete,1,0,1,0,176,176.0,1,0,0,,2026-07-18 07:10:56
TEA-ERM-709AC8C0F2,TORQUE SPECIFICATION ( 2001.12 - ) [ Only for Hong Kong ],Engine Repair Manual,Engine,1GZ-FE,,pending,,,,,,,,,,,
TEA-ERM-70A6106927,INSTALLATION,Engine Repair Manual,Engine,1GZ-FE,,complete,1,0,1,0,1227,1227.0,1,0,0,,2026-07-18 07:10:56
TEA-ERM-71A68A5723,EQUIPMENT,Engine Repair Manual,Engine,1GZ-FE,,complete,1,0,1,0,126,126.0,1,0,0,,2026-07-18 07:10:56
TEA-ERM-71BBDAD482,REMOVAL,Engine Repair Manual,Engine,1GZ-FE,,complete,1,0,1,0,1380,1380.0,1,0,0,,2026-07-18 07:10:56
TEA-ERM-74DF1E2F39,COMPONENTS,Engine Repair Manual,Engine,1GZ-FE,,complete,1,0,1,0,272,272.0,1,0,0,,2026-07-18 07:10:56
TEA-ERM-74E4051403,"P1335/12,13",Engine Repair Manual,Engine,1GZ-FE,,complete,1,0,1,0,758,758.0,1,0,0,,2026-07-18 07:10:56
TEA-ERM-757EE907A7,P1125/23 ( 2001.12 - ) [ Only for Hong Kong ],Engine Repair Manual,Engine,1GZ-FE,,complete,2,0,2,0,1767,883.5,1,0,0,,2026-07-18 07:10:57
TEA-ERM-76E9C41DA8,INSPECTION,Engine Repair Manual,Engine,1GZ-FE,,complete,2,0,2,0,1853,926.5,1,0,0,,2026-07-18 07:10:57
TEA-ERM-770F4BCA80,IACV Control VSV Circuit ( 2001.12 - ) [ Only for Hong Kong ],Engine Repair Manual,Engine,1GZ-FE,,complete,6,0,6,0,3732,622.0,1,0,0,,2026-07-18 07:10:57
TEA-ERM-77441D2FF2,GENERAL INFORMATION ( 2001.12 - ) [ Only for Hong Kong ],Engine Repair Manual,Engine,1GZ-FE,,pending,,,,,,,,,,,
TEA-ERM-79EAE42998,INSPECTION,Engine Repair Manual,Engine,1GZ-FE,,complete,7,0,7,0,9805,1400.7142857142858,1,0,0,,2026-07-18 07:10:57
TEA-ERM-7B7DC76E73,PRECAUTION ( 2001.12 - ) [ Only for Hong Kong ],Engine Repair Manual,Engine,1GZ-FE,,complete,1,0,1,0,2370,2370.0,1,0,0,,2026-07-18 07:10:57
TEA-ERM-7C1B700497,PRE-CHECK ( 2001.12 - ) [ Only for Hong Kong ],Engine Repair Manual,Engine,1GZ-FE,,complete,11,0,11,0,17649,1604.4545454545455,1,0,0,,2026-07-18 07:10:57
TEA-ERM-7CB79FD999,P0100/31 ( 2001.12 - ) [ Only for Hong Kong ],Engine Repair Manual,Engine,1GZ-FE,,complete,7,0,7,0,6549,935.5714285714286,1,0,0,,2026-07-18 07:10:57
TEA-ERM-7D91C8ADF5,P0325/52 ( 2001.12 - ) [ Only for Hong Kong ],Engine Repair Manual,Engine,1GZ-FE,,complete,4,0,4,0,3617,904.25,1,0,0,,2026-07-18 07:10:57
TEA-ERM-7EECBC7DF3,P1121/91 ( 2001.12 - ) [ Only for Hong Kong ],Engine Repair Manual,Engine,1GZ-FE,,complete,6,0,6,0,5101,850.1666666666666,1,0,0,,2026-07-18 07:10:57
TEA-ERM-7F4DF6DF19,INSPECTION,Engine Repair Manual,Engine,1GZ-FE,,complete,1,0,1,0,1089,1089.0,1,0,0,,2026-07-18 07:10:57
TEA-ERM-7F965B16A2,REMOVAL,Engine Repair Manual,Engine,1GZ-FE,,complete,1,0,1,0,470,470.0,1,0,0,,2026-07-18 07:10:57
TEA-ERM-7FF32104CC,SST (Special Service Tools),Engine Repair Manual,Engine,1GZ-FE,,complete,1,0,1,0,410,410.0,1,0,0,,2026-07-18 07:10:57
TEA-ERM-8102C6C119,COMPONENTS,Engine Repair Manual,Engine,1GZ-FE,,complete,1,0,1,0,373,373.0,1,0,0,,2026-07-18 07:10:57
TEA-ERM-8139A8AFE2,LOCATION,Engine Repair Manual,Engine,1GZ-FE,,complete,1,0,1,0,257,257.0,1,0,0,,2026-07-18 07:10:57
TEA-ERM-81D05A1A12,COMPONENTS,Engine Repair Manual,Engine,1GZ-FE,,complete,1,0,1,0,417,417.0,1,0,0,,2026-07-18 07:10:57
TEA-ERM-827E1700E9,INSPECTION,Engine Repair Manual,Engine,1GZ-FE,,pending,,,,,,,,,,,
TEA-ERM-836B8DF251,P0325/52,Engine Repair Manual,Engine,1GZ-FE,,complete,4,0,4,0,3492,873.0,1,0,0,,2026-07-18 07:10:57
TEA-ERM-848D556B51,PRECAUTION,Engine Repair Manual,Engine,1GZ-FE,,complete,5,0,5,0,8114,1622.8,1,0,0,,2026-07-18 07:10:57
TEA-ERM-87CDE1275D,REASSEMBLY,Engine Repair Manual,Engine,1GZ-FE,,complete,1,0,1,0,297,297.0,1,0,0,,2026-07-18 07:10:57
TEA-ERM-8989110299,HOW TO PROCEED WITH TROUBLESHOOTING ( 2001.12 - ) [ Only for Hong Kong ],Engine Repair Manual,Engine,1GZ-FE,,pending,,,,,,,,,,,
TEA-ERM-8AC2C4865F,P1335/13 ( 2001.12 - ) [ Only for Hong Kong ],Engine Repair Manual,Engine,1GZ-FE,,complete,1,0,1,0,697,697.0,1,0,0,,2026-07-18 07:10:57
TEA-ERM-8BC3B5A8EF,INSPECTION,Engine Repair Manual,Engine,1GZ-FE,,complete,1,0,1,0,306,306.0,1,0,0,,2026-07-18 07:10:57
TEA-ERM-8BED8C339C,INSPECTION,Engine Repair Manual,Engine,1GZ-FE,,complete,1,0,1,0,729,729.0,1,0,0,,2026-07-18 07:10:57
TEA-ERM-8DDDB7A882,COMPONENTS ( 2001.12 - ) [ Only for Hong Kong ],Engine Repair Manual,Engine,1GZ-FE,,complete,4,0,4,0,3675,918.75,1,0,0,,2026-07-18 07:10:57
TEA-ERM-8DFFAAE1CA,INSPECTION,Engine Repair Manual,Engine,1GZ-FE,,complete,1,0,1,0,168,168.0,1,0,0,,2026-07-18 07:10:57
TEA-ERM-8FFD162691,COMPONENTS,Engine Repair Manual,Engine,1GZ-FE,,complete,1,0,1,0,537,537.0,1,0,0,,2026-07-18 07:10:57
TEA-ERM-903A35DDDD,PRECAUTION,Engine Repair Manual,Engine,1GZ-FE,,complete,1,0,1,0,2366,2366.0,1,0,0,,2026-07-18 07:10:57
TEA-ERM-921CD4C542,Starter Signal Circuit,Engine Repair Manual,Engine,1GZ-FE,,complete,5,0,5,0,3769,753.8,1,0,0,,2026-07-18 07:10:57
TEA-ERM-92CC7E1FDB,REMOVAL,Engine Repair Manual,Engine,1GZ-FE,,complete,1,0,1,0,979,979.0,1,0,0,,2026-07-18 07:10:57
TEA-ERM-9359CF304E,COMPONENTS,Engine Repair Manual,Engine,1GZ-FE,,complete,4,0,4,0,3119,779.75,1,0,0,,2026-07-18 07:10:57
TEA-ERM-94F08CE660,Injector Circuit,Engine Repair Manual,Engine,1GZ-FE,,complete,6,0,6,0,4754,792.3333333333334,1,0,0,,2026-07-18 07:10:57
TEA-ERM-94F741E1CE,HOW TO DETERMINE BOLT STRENGTH,Engine Repair Manual,Engine,1GZ-FE,,complete,1,0,1,0,305,305.0,1,0,0,,2026-07-18 07:10:57
TEA-ERM-95D022512A,P0110/24 ( 2001.12 - ) [ Only for Hong Kong ],Engine Repair Manual,Engine,1GZ-FE,,complete,6,0,6,0,6593,1098.8333333333333,1,0,0,,2026-07-18 07:10:57
TEA-ERM-9624320745,INSPECTION,Engine Repair Manual,Engine,1GZ-FE,,complete,1,0,1,0,1515,1515.0,1,0,0,,2026-07-18 07:10:57
TEA-ERM-97ED7473F3,EQUIPMENT,Engine Repair Manual,Engine,1GZ-FE,,complete,1,0,1,0,149,149.0,1,0,0,,2026-07-18 07:10:57
TEA-ERM-991023803B,EQUIPMENT,Engine Repair Manual,Engine,1GZ-FE,,complete,1,0,1,0,152,152.0,1,0,0,,2026-07-18 07:10:57
TEA-ERM-992BC94AB1,INSPECTION,Engine Repair Manual,Engine,1GZ-FE,,complete,1,0,1,0,205,205.0,1,0,0,,2026-07-18 07:10:57
TEA-ERM-9A1F7F2D2A,P1121/91,Engine Repair Manual,Engine,1GZ-FE,,complete,6,0,6,0,4996,832.6666666666666,1,0,0,,2026-07-18 07:10:57
TEA-ERM-9AA620E88E,REPLACEMENT,Engine Repair Manual,Engine,1GZ-FE,,complete,1,0,1,0,612,612.0,1,0,0,,2026-07-18 07:10:57
TEA-ERM-9AF8C4ECA7,P1641/89,Engine Repair Manual,Engine,1GZ-FE,,complete,1,0,1,0,740,740.0,1,0,0,,2026-07-18 07:10:57
TEA-ERM-9CD4DE1E0F,P0135/21 ( 2001.12 - ) [ Only for Hong Kong ],Engine Repair Manual,Engine,1GZ-FE,,complete,2,0,2,0,2135,1067.5,1,0,0,,2026-07-18 07:10:57
TEA-ERM-9D44C6EDF4,P1202/79 ( 2001.12 - ) [ Only for Hong Kong ],Engine Repair Manual,Engine,1GZ-FE,,complete,2,0,2,0,1912,956.0,1,0,0,,2026-07-18 07:10:57
TEA-ERM-9ED6A58970,"P1127/11,12,51,52",Engine Repair Manual,Engine,1GZ-FE,,complete,4,0,4,0,3404,851.0,1,0,0,,2026-07-18 07:10:57
TEA-ERM-9FD4B8667F,HOW TO DETERMINE NUT STRENGTH,Engine Repair Manual,Engine,1GZ-FE,,complete,1,0,1,0,621,621.0,1,0,0,,2026-07-18 07:10:57
TEA-ERM-A0EB9BF32B,Back Up Power Source Circuit,Engine Repair Manual,Engine,1GZ-FE,,complete,2,0,2,0,1676,838.0,1,0,0,,2026-07-18 07:10:57
TEA-ERM-A160940F42,P1300/14,Engine Repair Manual,Engine,1GZ-FE,,complete,7,0,7,0,6252,893.1428571428571,1,0,0,,2026-07-18 07:10:57
TEA-ERM-A1C7DA53C0,COMPONENTS,Engine Repair Manual,Engine,1GZ-FE,,complete,2,0,2,0,651,325.5,1,0,0,,2026-07-18 07:10:57
TEA-ERM-A20858BE70,INSTALLATION,Engine Repair Manual,Engine,1GZ-FE,,complete,1,0,1,0,139,139.0,1,0,0,,2026-07-18 07:10:57
TEA-ERM-A265E26A39,COMPONENTS,Engine Repair Manual,Engine,1GZ-FE,,complete,1,0,1,0,518,518.0,1,0,0,,2026-07-18 07:10:57
TEA-ERM-A2BD84AEEA,SSM (Special Service Materials),Engine Repair Manual,Engine,1GZ-FE,,complete,1,0,1,0,152,152.0,1,0,0,,2026-07-18 07:10:58
TEA-ERM-A3385DBDBC,P0110/24,Engine Repair Manual,Engine,1GZ-FE,,complete,6,0,6,0,6506,1084.3333333333333,1,0,0,,2026-07-18 07:10:58
TEA-ERM-A3EE72DBCA,SERVICE DATA,Engine Repair Manual,Engine,1GZ-FE,,complete,1,0,1,0,685,685.0,1,0,0,,2026-07-18 07:10:58
TEA-ERM-A4B96E9F84,COMPONENTS,Engine Repair Manual,Engine,1GZ-FE,,complete,1,0,1,0,266,266.0,1,0,0,,2026-07-18 07:10:58
TEA-ERM-A5077E9044,ON-VEHICLE INSPECTION,Engine Repair Manual,Engine,1GZ-FE,,complete,1,0,1,0,1330,1330.0,1,0,0,,2026-07-18 07:10:58
TEA-ERM-A52EC390BB,P0115/22,Engine Repair Manual,Engine,1GZ-FE,,complete,6,0,6,0,5805,967.5,1,0,0,,2026-07-18 07:10:58
TEA-ERM-A53E01C988,TORQUE SPECIFICATION ( 2001.12 - ) [ Only for Hong Kong ],Engine Repair Manual,Engine,1GZ-FE,,pending,,,,,,,,,,,
TEA-ERM-A5FD15AC40,INSPECTION,Engine Repair Manual,Engine,1GZ-FE,,complete,3,0,3,0,4024,1341.3333333333333,1,0,0,,2026-07-18 07:10:58
TEA-ERM-A6A1ABCFA5,SERVICE DATA,Engine Repair Manual,Engine,1GZ-FE,,complete,1,0,1,0,474,474.0,1,0,0,,2026-07-18 07:10:58
TEA-ERM-A6D12D71F9,PARTS LOCATION,Engine Repair Manual,Engine,1GZ-FE,,complete,1,0,1,0,564,564.0,1,0,0,,2026-07-18 07:10:58
TEA-ERM-A76C8DC288,PRECAUTION,Engine Repair Manual,Engine,1GZ-FE,,complete,1,0,1,0,373,373.0,1,0,0,,2026-07-18 07:10:58
TEA-ERM-A941E72C84,INSPECTION,Engine Repair Manual,Engine,1GZ-FE,,complete,4,0,4,0,5824,1456.0,1,0,0,,2026-07-18 07:10:58
TEA-ERM-A96847A08D,HOW TO DETERMINE BOLT STRENGTH ( 2001.12 - ) [ Only for Hong Kong ],Engine Repair Manual,Engine,1GZ-FE,,pending,,,,,,,,,,,
TEA-ERM-A9A32B6C51,REASSEMBLY,Engine Repair Manual,Engine,1GZ-FE,,complete,1,0,1,0,919,919.0,1,0,0,,2026-07-18 07:10:58
TEA-ERM-AA622CDEDB,"P0120/31,41 ( 2001.12 - ) [ Only for Hong Kong ]",Engine Repair Manual,Engine,1GZ-FE,,complete,7,0,7,0,6446,920.8571428571429,1,0,0,,2026-07-18 07:10:58
TEA-ERM-AB0F124D8D,INSPECTION,Engine Repair Manual,Engine,1GZ-FE,,complete,4,0,4,0,3810,952.5,1,0,0,,2026-07-18 07:10:58
TEA-ERM-AB1D84956E,REMOVAL,Engine Repair Manual,Engine,1GZ-FE,,complete,1,0,1,0,697,697.0,1,0,0,,2026-07-18 07:10:58
TEA-ERM-ABE223687C,CUSTOMER PROBLEM ANALYSIS CHECK ( 2001.12 - ) [ Only for Hong Kong ],Engine Repair Manual,Engine,1GZ-FE,,pending,,,,,,,,,,,
TEA-ERM-ABF8BCDA40,P1202/79,Engine Repair Manual,Engine,1GZ-FE,,complete,2,0,2,0,1970,985.0,1,0,0,,2026-07-18 07:10:58
TEA-ERM-AE08E8F0C9,TORQUE SPECIFICATION,Engine Repair Manual,Engine,1GZ-FE,,complete,1,0,1,0,484,484.0,1,0,0,,2026-07-18 07:10:58
TEA-ERM-AE41655D1D,RECOMMENDED TOOLS,Engine Repair Manual,Engine,1GZ-FE,,complete,1,0,1,0,116,116.0,1,0,0,,2026-07-18 07:10:58
TEA-ERM-AF925A25DD,REMOVAL,Engine Repair Manual,Engine,1GZ-FE,,complete,1,0,1,0,524,524.0,1,0,0,,2026-07-18 07:10:58
TEA-ERM-AFD336D55D,P0500/42 ( 2001.12 - ) [ Only for Hong Kong ],Engine Repair Manual,Engine,1GZ-FE,,complete,3,0,3,0,2626,875.3333333333334,1,0,0,,2026-07-18 07:10:58
TEA-ERM-B0148B3BE9,TORQUE SPECIFICATION,Engine Repair Manual,Engine,1GZ-FE,,complete,1,0,1,0,676,676.0,1,0,0,,2026-07-18 07:10:58
TEA-ERM-B15C6CF428,INSTALLATION,Engine Repair Manual,Engine,1GZ-FE,,complete,1,0,1,0,356,356.0,1,0,0,,2026-07-18 07:10:58
TEA-ERM-B240FB1C19,COMPONENTS,Engine Repair Manual,Engine,1GZ-FE,,complete,1,0,1,0,347,347.0,1,0,0,,2026-07-18 07:10:58
TEA-ERM-B3650135C9,P0340/12,Engine Repair Manual,Engine,1GZ-FE,,complete,2,0,2,0,2569,1284.5,1,0,0,,2026-07-18 07:10:58
TEA-ERM-B37739EA97,EQUIPMENT,Engine Repair Manual,Engine,1GZ-FE,,complete,1,0,1,0,180,180.0,1,0,0,,2026-07-18 07:10:58
TEA-ERM-B4BF89FF74,TORQUE SPECIFICATION,Engine Repair Manual,Engine,1GZ-FE,,complete,1,0,1,0,1234,1234.0,1,0,0,,2026-07-18 07:10:58
TEA-ERM-B5A4734557,ENGINE SERIAL NUMBER,Engine Repair Manual,Engine,1GZ-FE,,complete,1,0,1,0,207,207.0,1,0,0,,2026-07-18 07:10:58
TEA-ERM-B936B1594D,ON-VEHICLE INSPECTION,Engine Repair Manual,Engine,1GZ-FE,,complete,2,0,2,0,3032,1516.0,1,0,0,,2026-07-18 07:10:58
TEA-ERM-BAEAD9020D,EQUIPMENT,Engine Repair Manual,Engine,1GZ-FE,,complete,1,0,1,0,130,130.0,1,0,0,,2026-07-18 07:10:58
TEA-ERM-BC87E427D0,TORQUE SPECIFICATION,Engine Repair Manual,Engine,1GZ-FE,,complete,1,0,1,0,2057,2057.0,1,0,0,,2026-07-18 07:10:58
TEA-ERM-BCFAFD3578,ON-VEHICLE CLEANING,Engine Repair Manual,Engine,1GZ-FE,,complete,1,0,1,0,343,343.0,1,0,0,,2026-07-18 07:10:58
TEA-ERM-BD7F2AD565,COMPONENTS,Engine Repair Manual,Engine,1GZ-FE,,complete,1,0,1,0,156,156.0,1,0,0,,2026-07-18 07:10:58
TEA-ERM-C10BD20C96,DISASSEMBLY,Engine Repair Manual,Engine,1GZ-FE,,complete,8,0,8,0,11710,1463.75,1,0,0,,2026-07-18 07:10:58
TEA-ERM-C349A9C14D,COMPONENTS,Engine Repair Manual,Engine,1GZ-FE,,complete,1,0,1,0,601,601.0,1,0,0,,2026-07-18 07:10:58
TEA-ERM-C452BA7C90,REMOVAL,Engine Repair Manual,Engine,1GZ-FE,,complete,1,0,1,0,539,539.0,1,0,0,,2026-07-18 07:10:58
TEA-ERM-C4CF28CDC9,ABBREVIATIONS USED IN THIS MANUAL,Engine Repair Manual,Engine,1GZ-FE,,complete,2,0,2,0,2054,1027.0,1,0,0,,2026-07-18 07:10:58
TEA-ERM-C52F24197C,CUSTOMER PROBLEM ANALYSIS CHECK,Engine Repair Manual,Engine,1GZ-FE,,complete,1,0,1,0,1445,1445.0,1,0,0,,2026-07-18 07:10:58
TEA-ERM-C6742B8C6C,INSPECTION,Engine Repair Manual,Engine,1GZ-FE,,complete,1,0,1,0,171,171.0,1,0,0,,2026-07-18 07:10:58
TEA-ERM-C69C50D4CF,P1346/18 ( 2001.12 - ) [ Only for Hong Kong ],Engine Repair Manual,Engine,1GZ-FE,,complete,1,0,1,0,1533,1533.0,1,0,0,,2026-07-18 07:10:58
TEA-ERM-C7A9CC60BF,INSPECTION,Engine Repair Manual,Engine,1GZ-FE,,complete,1,0,1,0,880,880.0,1,0,0,,2026-07-18 07:10:58
TEA-ERM-C7B9CB1B54,INSPECTION,Engine Repair Manual,Engine,1GZ-FE,,complete,1,0,1,0,324,324.0,1,0,0,,2026-07-18 07:10:58
TEA-ERM-C7CFEC7263,REPLACEMENT,Engine Repair Manual,Engine,1GZ-FE,,complete,2,0,2,0,899,449.5,1,0,0,,2026-07-18 07:10:58
TEA-ERM-C875252B4E,REPLACEMENT,Engine Repair Manual,Engine,1GZ-FE,,complete,2,0,2,0,2028,1014.0,1,0,0,,2026-07-18 07:10:58
TEA-ERM-C881B5A21A,INSTALLATION,Engine Repair Manual,Engine,1GZ-FE,,complete,5,0,5,0,7882,1576.4,1,0,0,,2026-07-18 07:10:58
TEA-ERM-CA8B36339E,COMPONENTS,Engine Repair Manual,Engine,1GZ-FE,,complete,1,0,1,0,290,290.0,1,0,0,,2026-07-18 07:10:58
TEA-ERM-CB9AA5B5BE,TERMINALS OF ECU,Engine Repair Manual,Engine,1GZ-FE,,complete,4,0,4,0,8063,2015.75,1,0,0,,2026-07-18 07:10:58
TEA-ERM-CC96B1F342,EQUIPMENT,Engine Repair Manual,Engine,1GZ-FE,,complete,1,0,1,0,139,139.0,1,0,0,,2026-07-18 07:10:58
TEA-ERM-CE79784912,REASSEMBLY,Engine Repair Manual,Engine,1GZ-FE,,complete,6,0,6,0,8420,1403.3333333333333,1,0,0,,2026-07-18 07:10:58
TEA-ERM-CEE50C21EA,ON-VEHICLE INSPECTION,Engine Repair Manual,Engine,1GZ-FE,,complete,3,0,3,0,5210,1736.6666666666667,1,0,0,,2026-07-18 07:10:58
TEA-ERM-CFB7D391FE,IACV Control VSV Circuit,Engine Repair Manual,Engine,1GZ-FE,,complete,6,0,6,0,3536,589.3333333333334,1,0,0,,2026-07-18 07:10:58
TEA-ERM-D2599D1EE2,P1656/39 ( 2001.12 - ) [ Only for Hong Kong ],Engine Repair Manual,Engine,1GZ-FE,,complete,3,0,3,0,2841,947.0,1,0,0,,2026-07-18 07:10:59
TEA-ERM-D2B6A18014,INSPECTION,Engine Repair Manual,Engine,1GZ-FE,,complete,1,0,1,0,801,801.0,1,0,0,,2026-07-18 07:10:59
TEA-ERM-D5A071D7BB,SERVICE DATA,Engine Repair Manual,Engine,1GZ-FE,,complete,1,0,1,0,1301,1301.0,1,0,0,,2026-07-18 07:10:59
TEA-ERM-D606783F78,RECOMMENDED TOOLS,Engine Repair Manual,Engine,1GZ-FE,,complete,1,0,1,0,178,178.0,1,0,0,,2026-07-18 07:10:59
TEA-ERM-D70015BF20,"P0335/12,13",Engine Repair Manual,Engine,1GZ-FE,,complete,3,0,3,0,2890,963.3333333333334,1,0,0,,2026-07-18 07:10:59
TEA-ERM-D7150DA155,P1630/87 ( 2001.12 - ) [ Only for Hong Kong ],Engine Repair Manual,Engine,1GZ-FE,,complete,2,0,2,0,830,415.0,1,0,0,,2026-07-18 07:10:59
TEA-ERM-D72901CC50,REMOVAL,Engine Repair Manual,Engine,1GZ-FE,,complete,1,0,1,0,387,387.0,1,0,0,,2026-07-18 07:10:59
TEA-ERM-D9D6B18DF4,COMPONENTS,Engine Repair Manual,Engine,1GZ-FE,,pending,,,,,,,,,,,
TEA-ERM-DAA6B5E3BF,SPECIFIED TORQUE FOR STANDARD BOLTS ( 2001.12 - ) [ Only for Hong Kong ],Engine Repair Manual,Engine,1GZ-FE,,pending,,,,,,,,,,,
TEA-ERM-DABA2B92C0,"P0335/12,13 ( 2001.12 - ) [ Only for Hong Kong ]",Engine Repair Manual,Engine,1GZ-FE,,complete,3,0,3,0,2903,967.6666666666666,1,0,0,,2026-07-18 07:10:59
TEA-ERM-DAFD1297C9,INSPECTION,Engine Repair Manual,Engine,1GZ-FE,,complete,1,0,1,0,833,833.0,1,0,0,,2026-07-18 07:10:59
TEA-ERM-DAFD36238D,Injector Circuit ( 2001.12 - ) [ Only for Hong Kong ],Engine Repair Manual,Engine,1GZ-FE,,complete,6,0,6,0,4178,696.3333333333334,1,0,0,,2026-07-18 07:10:59
TEA-ERM-DC2A46652D,EQUIPMENT,Engine Repair Manual,Engine,1GZ-FE,,complete,1,0,1,0,536,536.0,1,0,0,,2026-07-18 07:10:59
TEA-ERM-DD1A6A5595,REMOVAL,Engine Repair Manual,Engine,1GZ-FE,,complete,1,0,1,0,919,919.0,1,0,0,,2026-07-18 07:10:59
TEA-ERM-DD633EC06B,REMOVAL,Engine Repair Manual,Engine,1GZ-FE,,complete,1,0,1,0,801,801.0,1,0,0,,2026-07-18 07:10:59
TEA-ERM-DF1082BA8D,PURPOSE,Engine Repair Manual,Engine,1GZ-FE,,complete,1,0,1,0,846,846.0,1,0,0,,2026-07-18 07:10:59
TEA-ERM-DF7094926C,INSTALLATION,Engine Repair Manual,Engine,1GZ-FE,,complete,1,0,1,0,421,421.0,1,0,0,,2026-07-18 07:10:59
TEA-ERM-DF7A12FAF7,INSTALLATION,Engine Repair Manual,Engine,1GZ-FE,,complete,1,0,1,0,581,581.0,1,0,0,,2026-07-18 07:10:59
TEA-ERM-E0F8E70698,TORQUE SPECIFICATION,Engine Repair Manual,Engine,1GZ-FE,,complete,1,0,1,0,197,197.0,1,0,0,,2026-07-18 07:10:59
TEA-ERM-E45CCA735E,REPLACEMENT,Engine Repair Manual,Engine,1GZ-FE,,complete,1,0,1,0,123,123.0,1,0,0,,2026-07-18 07:10:59
TEA-ERM-E4BA45EA03,P1640/89 ( 2001.12 - ) [ Only for Hong Kong ],Engine Repair Manual,Engine,1GZ-FE,,complete,1,0,1,0,883,883.0,1,0,0,,2026-07-18 07:10:59
TEA-ERM-E567E3789B,SPECIFIED TORQUE FOR STANDARD BOLTS,Engine Repair Manual,Engine,1GZ-FE,,complete,1,0,1,0,1336,1336.0,1,0,0,,2026-07-18 07:10:59
TEA-ERM-E5CE42A5D1,INSPECTION,Engine Repair Manual,Engine,1GZ-FE,,complete,1,0,1,0,915,915.0,1,0,0,,2026-07-18 07:10:59
TEA-ERM-E685A502F4,REPLACEMENT,Engine Repair Manual,Engine,1GZ-FE,,complete,2,0,2,0,1849,924.5,1,0,0,,2026-07-18 07:10:59
TEA-ERM-E69DCF971B,COMPONENTS,Engine Repair Manual,Engine,1GZ-FE,,complete,1,0,1,0,423,423.0,1,0,0,,2026-07-18 07:10:59
TEA-ERM-E93DECA70F,INSTALLATION,Engine Repair Manual,Engine,1GZ-FE,,complete,1,0,1,0,152,152.0,1,0,0,,2026-07-18 07:10:59
TEA-ERM-E9DAA8F885,INSPECTION,Engine Repair Manual,Engine,1GZ-FE,,complete,1,0,1,0,478,478.0,1,0,0,,2026-07-18 07:10:59
TEA-ERM-EA093E0566,COMPONENTS,Engine Repair Manual,Engine,1GZ-FE,,complete,1,0,1,0,140,140.0,1,0,0,,2026-07-18 07:10:59
TEA-ERM-EAF935017D,GENERAL INFORMATION,Engine Repair Manual,Engine,1GZ-FE,,complete,2,0,2,0,3679,1839.5,1,0,0,,2026-07-18 07:10:59
TEA-ERM-EB22AE4A6C,DRAWING,Engine Repair Manual,Engine,1GZ-FE,,complete,1,0,1,0,218,218.0,1,0,0,,2026-07-18 07:10:59
TEA-ERM-EB78385426,REMOVAL,Engine Repair Manual,Engine,1GZ-FE,,complete,3,0,3,0,4442,1480.6666666666667,1,0,0,,2026-07-18 07:10:59
TEA-ERM-EBFEF8516E,LUBRICANT,Engine Repair Manual,Engine,1GZ-FE,,complete,1,0,1,0,478,478.0,1,0,0,,2026-07-18 07:10:59
TEA-ERM-ECF4331C15,GENERAL INFORMATION,Engine Repair Manual,Engine,1GZ-FE,,complete,4,0,4,0,5402,1350.5,1,0,0,,2026-07-18 07:10:59
TEA-ERM-ECFEF4E590,INSPECTION,Engine Repair Manual,Engine,1GZ-FE,,complete,1,0,1,0,1246,1246.0,1,0,0,,2026-07-18 07:10:59
TEA-ERM-ED2FBD822F,ECU Power Source Circuit ( 2001.12 - ) [ Only for Hong Kong ],Engine Repair Manual,Engine,1GZ-FE,,complete,6,0,6,0,4438,739.6666666666666,1,0,0,,2026-07-18 07:10:59
TEA-ERM-EF8F5B5101,ON-VEHICLE INSPECTION,Engine Repair Manual,Engine,1GZ-FE,,pending,,,,,,,,,,,
TEA-ERM-F006DB7035,REMOVAL,Engine Repair Manual,Engine,1GZ-FE,,complete,1,0,1,0,495,495.0,1,0,0,,2026-07-18 07:10:59
TEA-ERM-F031389EC1,B1300/56 ( 2001.12 - ) [ Only for Hong Kong ],Engine Repair Manual,Engine,1GZ-FE,,complete,2,0,2,0,915,457.5,1,0,0,,2026-07-18 07:10:59
TEA-ERM-F05E3B0043,COOLANT,Engine Repair Manual,Engine,1GZ-FE,,complete,1,0,1,0,490,490.0,1,0,0,,2026-07-18 07:10:59
TEA-ERM-F1C8BF6F49,B1305/57 ( 2001.12 - ) [ Only for Hong Kong ],Engine Repair Manual,Engine,1GZ-FE,,complete,2,0,2,0,832,416.0,1,0,0,,2026-07-18 07:10:59
TEA-ERM-F387C88672,PROBLEM SYMPTOMS TABLE,Engine Repair Manual,Engine,1GZ-FE,,complete,2,0,2,0,3114,1557.0,1,0,0,,2026-07-18 07:10:59
TEA-ERM-F4509AB0B9,INSPECTION,Engine Repair Manual,Engine,1GZ-FE,,complete,1,0,1,0,828,828.0,1,0,0,,2026-07-18 07:10:59
TEA-ERM-F4DE95C5B8,P0500/42,Engine Repair Manual,Engine,1GZ-FE,,complete,3,0,3,0,2584,861.3333333333334,1,0,0,,2026-07-18 07:10:59
TEA-ERM-F56D6BC48D,INSPECTION,Engine Repair Manual,Engine,1GZ-FE,,complete,1,0,1,0,845,845.0,1,0,0,,2026-07-18 07:10:59
TEA-ERM-F6CAE2FA41,INSTALLATION,Engine Repair Manual,Engine,1GZ-FE,,complete,1,0,1,0,539,539.0,1,0,0,,2026-07-18 07:10:59
TEA-ERM-F6CC055CF2,REPLACEMENT,Engine Repair Manual,Engine,1GZ-FE,,complete,2,0,2,0,1870,935.0,1,0,0,,2026-07-18 07:10:59
TEA-ERM-F7FD666DA2,INSPECTION,Engine Repair Manual,Engine,1GZ-FE,,complete,1,0,1,0,813,813.0,1,0,0,,2026-07-18 07:10:59
TEA-ERM-F8B2094F30,REMOVAL,Engine Repair Manual,Engine,1GZ-FE,,complete,1,0,1,0,438,438.0,1,0,0,,2026-07-18 07:10:59
TEA-ERM-F909D447D6,P1125/23,Engine Repair Manual,Engine,1GZ-FE,,complete,2,0,2,0,1706,853.0,1,0,0,,2026-07-18 07:10:59
TEA-ERM-F90E45BC7A,P0100/31,Engine Repair Manual,Engine,1GZ-FE,,complete,7,0,7,0,6513,930.4285714285714,1,0,0,,2026-07-18 07:10:59
TEA-ERM-F9EA7C1630,SERVICE DATA,Engine Repair Manual,Engine,1GZ-FE,,complete,1,0,1,0,486,486.0,1,0,0,,2026-07-18 07:10:59
TEA-ERM-FA41B26539,P0171/25 ( 2001.12 - ) [ Only for Hong Kong ],Engine Repair Manual,Engine,1GZ-FE,,complete,4,0,4,0,4648,1162.0,1,0,0,,2026-07-18 07:10:59
TEA-ERM-FA7E80B245,P1125/24 ( 2001.12 - ) [ Only for Hong Kong ],Engine Repair Manual,Engine,1GZ-FE,,complete,1,0,1,0,1145,1145.0,1,0,0,,2026-07-18 07:10:59
TEA-ERM-FBA103E57D,GENERAL INFORMATION ( 2001.12 - ) [ Only for Hong Kong ],Engine Repair Manual,Engine,1GZ-FE,,pending,,,,,,,,,,,
TEA-ERM-FBCE0D3C76,P0135/21,Engine Repair Manual,Engine,1GZ-FE,,complete,2,0,2,0,2106,1053.0,1,0,0,,2026-07-18 07:10:59
TEA-ERM-FCAF8AED7E,INSPECTION,Engine Repair Manual,Engine,1GZ-FE,,complete,2,0,2,0,1523,761.5,1,0,0,,2026-07-18 07:11:00
TEA-ERM-FD9D58A538,"P1125/21,22",Engine Repair Manual,Engine,1GZ-FE,,complete,4,0,4,0,2955,738.75,1,0,0,,2026-07-18 07:11:00
TEA-ERM-FDDAA7B3B7,RECOMMENDED TOOLS,Engine Repair Manual,Engine,1GZ-FE,,complete,1,0,1,0,198,198.0,1,0,0,,2026-07-18 07:11:00
TEA-ERM-FDE83123C4,PROBLEM SYMPTOMS TABLE ( 2001.12 - ) [ Only for Hong Kong ],Engine Repair Manual,Engine,1GZ-FE,,complete,2,0,2,0,3143,1571.5,1,0,0,,2026-07-18 07:11:00
TEA-ERM-FE2A77E415,INSPECTION,Engine Repair Manual,Engine,1GZ-FE,,complete,2,0,2,0,1785,892.5,1,0,0,,2026-07-18 07:11:00
TEA-ERM-FEAC4A424B,HOW TO PROCEED WITH TROUBLESHOOTING ( 2001.12 - ) [ Only for Hong Kong ],Engine Repair Manual,Engine,1GZ-FE,,pending,,,,,,,,,,,
TEA-EWD-00405CB517,1998.10 - 2001.11,Electrical Wiring Diagram,Electrical,,,complete,1,0,1,0,5720,5720.0,1,0,0,,2026-07-18 07:11:00
TEA-EWD-0438197A92,1998.10 -,Electrical Wiring Diagram,Electrical,,,complete,1,0,1,0,1158,1158.0,1,0,0,,2026-07-18 07:11:00
TEA-EWD-0663D76C9E,Rear J/B ECU,Electrical Wiring Diagram,Electrical,,,complete,1,0,1,0,4604,4604.0,1,0,0,,2026-07-18 07:11:00
TEA-EWD-072CD447A2,Rear ( 1998.10 - ),Electrical Wiring Diagram,Electrical,,,complete,1,0,1,0,4721,4721.0,1,0,0,,2026-07-18 07:11:00
TEA-EWD-07A01A1F7A,Cruise Control,Electrical Wiring Diagram,Electrical,,,complete,1,0,1,0,4239,4239.0,1,0,0,,2026-07-18 07:11:00
TEA-EWD-07F5E1E2DB,BE-2002: 2001.12 -,Electrical Wiring Diagram,Electrical,,,complete,1,0,1,0,1090,1090.0,1,0,0,,2026-07-18 07:11:00
TEA-EWD-09F119E8F2,Combination Meter ( 1998.10 - 2001.11 ),Electrical Wiring Diagram,Electrical,,,pending,,,,,,,,,,,
TEA-EWD-0BB2FDC608,Communication Bus (BE-2002: 2001.12 - ),Electrical Wiring Diagram,Electrical,,,pending,,,,,,,,,,,
TEA-EWD-0CE3635ECB,How to Read This Section,Electrical Wiring Diagram,Electrical,,,complete,2,0,2,0,3387,1693.5,1,0,0,,2026-07-18 07:11:00
TEA-EWD-0D5F5C2345,LHD (BE-2002: 2001.12 - ),Electrical Wiring Diagram,Electrical,,,complete,1,0,1,0,951,951.0,1,0,0,,2026-07-18 07:11:00
TEA-EWD-0DEB5C0E18,1998.10 -,Electrical Wiring Diagram,Electrical,,,complete,1,0,1,0,1470,1470.0,1,0,0,,2026-07-18 07:11:00
TEA-EWD-0E4E83BAF9,Remote Control Curtain,Electrical Wiring Diagram,Electrical,,,complete,1,0,1,0,1177,1177.0,1,0,0,,2026-07-18 07:11:00
TEA-EWD-0F80021E59,RHD,Electrical Wiring Diagram,Electrical,,,complete,1,0,1,0,5574,5574.0,1,0,0,,2026-07-18 07:11:00
TEA-EWD-10C676061C,1998.10 - 2001.11,Electrical Wiring Diagram,Electrical,1GZ-FE,,complete,1,0,1,0,835,835.0,1,0,0,,2026-07-18 07:11:00
TEA-EWD-12B5E4F9D3,Door ECU (RHD) ( 1998.10 - ),Electrical Wiring Diagram,Electrical,,,pending,,,,,,,,,,,
TEA-EWD-171A4B1AF0,LHD,Electrical Wiring Diagram,Electrical,,,complete,1,0,1,0,2336,2336.0,1,0,0,,2026-07-18 07:11:00
TEA-EWD-1735B1B940,Charging,Electrical Wiring Diagram,Electrical,,,complete,1,0,1,0,726,726.0,1,0,0,,2026-07-18 07:11:00
TEA-EWD-1F9A4FDC2B,Body ECU (BE-2002: 2001.12 - ),Electrical Wiring Diagram,Electrical,,,pending,,,,,,,,,,,
TEA-EWD-20C31A73BA,RHD (BE-2002: 2001.12 - ),Electrical Wiring Diagram,Electrical,,,complete,1,0,1,0,3946,3946.0,1,0,0,,2026-07-18 07:11:00
TEA-EWD-2422E081E5,Engine Immobilizer System,Electrical Wiring Diagram,Electrical,1GZ-FE,,complete,1,0,1,0,2364,2364.0,1,0,0,,2026-07-18 07:11:00
TEA-EWD-291872118C,BE-2002: 2001.12 -,Electrical Wiring Diagram,Electrical,,,complete,1,0,1,0,638,638.0,1,0,0,,2026-07-18 07:11:00
TEA-EWD-2A193A0443,1998.10 -,Electrical Wiring Diagram,Electrical,,,complete,1,0,1,0,252,252.0,1,0,0,,2026-07-18 07:11:00
TEA-EWD-2AFCC5F35F,1998.10 -,Electrical Wiring Diagram,Electrical,,,complete,1,0,1,0,1928,1928.0,1,0,0,,2026-07-18 07:11:00
TEA-EWD-351E78982C,Power Shoulder Belt Anchorage,Electrical Wiring Diagram,Electrical,,,complete,1,0,1,0,908,908.0,1,0,0,,2026-07-18 07:11:00
TEA-EWD-35A78F4210,RHD,Electrical Wiring Diagram,Electrical,,,complete,1,0,1,0,4381,4381.0,1,0,0,,2026-07-18 07:11:00
TEA-EWD-360D1A53BA,Door ECU (LHD) ( 1998.10 - ),Electrical Wiring Diagram,Electrical,,,pending,,,,,,,,,,,
TEA-EWD-393FD7EDDC,RHD ( 1998.10 - ),Electrical Wiring Diagram,Electrical,,,complete,1,0,1,0,1778,1778.0,1,0,0,,2026-07-18 07:11:00
TEA-EWD-3B0248DD15,Rear Air Conditioner,Electrical Wiring Diagram,Electrical,,,complete,1,0,1,0,2615,2615.0,1,0,0,,2026-07-18 07:11:00
TEA-EWD-3B55D17097,BE-2002: 2001.12 -,Electrical Wiring Diagram,Electrical,,,complete,1,0,1,0,665,665.0,1,0,0,,2026-07-18 07:11:00
TEA-EWD-3B57E9D7AC,Front (LHD) ( 1998.10 - ),Electrical Wiring Diagram,Electrical,,,complete,1,0,1,0,2560,2560.0,1,0,0,,2026-07-18 07:11:00
TEA-EWD-3D4E7EC9E1,Combination Meter,Electrical Wiring Diagram,Electrical,,,complete,1,0,1,0,1851,1851.0,1,0,0,,2026-07-18 07:11:00
TEA-EWD-3EBACC27FB,1998.10 -,Electrical Wiring Diagram,Electrical,,,complete,1,0,1,0,324,324.0,1,0,0,,2026-07-18 07:11:00
TEA-EWD-3F25EBFD86,Tree,Electrical Wiring Diagram,Electrical,,,complete,1,0,1,0,1777,1777.0,1,0,0,,2026-07-18 07:11:00
TEA-EWD-4164BE4E03,Front (RHD) (BE-2002: 2001.12 - ),Electrical Wiring Diagram,Electrical,,,complete,1,0,1,0,2595,2595.0,1,0,0,,2026-07-18 07:11:00
TEA-EWD-42D706610A,1998.10 -,Electrical Wiring Diagram,Electrical,,,complete,1,0,1,0,3716,3716.0,1,0,0,,2026-07-18 07:11:00
TEA-EWD-438D9242ED,Body ECU ( 1998.10 - 2001.11 ),Electrical Wiring Diagram,Electrical,,,pending,,,,,,,,,,,
TEA-EWD-4460447BA1,RHD,Electrical Wiring Diagram,Electrical,,,complete,1,0,1,0,4623,4623.0,1,0,0,,2026-07-18 07:11:00
TEA-EWD-46CE5A4839,HOW TO USE THIS MANUAL,Electrical Wiring Diagram,Electrical,,,complete,9,0,9,0,15966,1774.0,1,0,0,,2026-07-18 07:11:00
TEA-EWD-4717F783F1,Cigarette Lighter,Electrical Wiring Diagram,Electrical,,,complete,1,0,1,0,1342,1342.0,1,0,0,,2026-07-18 07:11:00
TEA-EWD-484A15414E,Power Outlet,Electrical Wiring Diagram,Electrical,,,complete,1,0,1,0,811,811.0,1,0,0,,2026-07-18 07:11:00
TEA-EWD-48E6D7A138,Front (RHD),Electrical Wiring Diagram,Electrical,,,complete,1,0,1,0,2571,2571.0,1,0,0,,2026-07-18 07:11:00
TEA-EWD-4911DE61C7,1998.10 -,Electrical Wiring Diagram,Electrical,,,complete,1,0,1,0,246,246.0,1,0,0,,2026-07-18 07:11:00
TEA-EWD-4C296951BC,1998.10 -,Electrical Wiring Diagram,Electrical,,,complete,1,0,1,0,1775,1775.0,1,0,0,,2026-07-18 07:11:00
TEA-EWD-4DB2734D74,INTRODUCTION,Electrical Wiring Diagram,Electrical,,,complete,1,0,1,0,1967,1967.0,1,0,0,,2026-07-18 07:11:00
TEA-EWD-4DF27628FF,Clock,Electrical Wiring Diagram,Electrical,,,complete,1,0,1,0,986,986.0,1,0,0,,2026-07-18 07:11:00
TEA-EWD-4F93135733,1998.10 -,Electrical Wiring Diagram,Electrical,,,complete,1,0,1,0,2343,2343.0,1,0,0,,2026-07-18 07:11:00
TEA-EWD-51091360DF,LHD ( 1998.10 - 2001.11 ),Electrical Wiring Diagram,Electrical,,,complete,1,0,1,0,897,897.0,1,0,0,,2026-07-18 07:11:00
TEA-EWD-51E9A6413A,Rear Door Closer,Electrical Wiring Diagram,Electrical,,,complete,1,0,1,0,1021,1021.0,1,0,0,,2026-07-18 07:11:00
TEA-EWD-52C5D14015,1998.10 -,Electrical Wiring Diagram,Electrical,,,complete,1,0,1,0,837,837.0,1,0,0,,2026-07-18 07:11:01
TEA-EWD-549873DE9C,BE-2002: 2001.12 -,Electrical Wiring Diagram,Electrical,1GZ-FE,,complete,1,0,1,0,833,833.0,1,0,0,,2026-07-18 07:11:01
TEA-EWD-570D6FF5C9,TROUBLESHOOTING,Electrical Wiring Diagram,Electrical,,,complete,5,0,5,0,5512,1102.4,1,0,0,,2026-07-18 07:11:01
TEA-EWD-573453C2D6,1998.10 -,Electrical Wiring Diagram,Electrical,,,complete,1,0,1,0,2545,2545.0,1,0,0,,2026-07-18 07:11:01
TEA-EWD-57A5F25FD4,1998.10 -,Electrical Wiring Diagram,Electrical,,,complete,1,0,1,0,2852,2852.0,1,0,0,,2026-07-18 07:11:01
TEA-EWD-5A2D567029,LHD,Electrical Wiring Diagram,Electrical,,,complete,1,0,1,0,10092,10092.0,1,0,0,,2026-07-18 07:11:01
TEA-EWD-5A9A21575B,Left Bank Control ( 1998.10 - 2001.11 ),Electrical Wiring Diagram,Electrical,1GZ-FE,,complete,1,0,1,0,7791,7791.0,1,0,0,,2026-07-18 07:11:01
TEA-EWD-5B0FB5C737,Auto Antenna,Electrical Wiring Diagram,Electrical,,,complete,1,0,1,0,1057,1057.0,1,0,0,,2026-07-18 07:11:01
TEA-EWD-5B14D3909F,1998.10 -,Electrical Wiring Diagram,Electrical,,,complete,1,0,1,0,333,333.0,1,0,0,,2026-07-18 07:11:01
TEA-EWD-5C30F7E26E,RHD,Electrical Wiring Diagram,Electrical,,,complete,1,0,1,0,4709,4709.0,1,0,0,,2026-07-18 07:11:01
TEA-EWD-613D0DD828,BE-2002: 2001.12 -,Electrical Wiring Diagram,Electrical,,,complete,1,0,1,0,419,419.0,1,0,0,,2026-07-18 07:11:01
TEA-EWD-618321F908,1998.10 -,Electrical Wiring Diagram,Electrical,,,complete,1,0,1,0,344,344.0,1,0,0,,2026-07-18 07:11:01
TEA-EWD-61AB9C071F,Automatic Glare-Resistant EC Mirror,Electrical Wiring Diagram,Electrical,,,complete,1,0,1,0,258,258.0,1,0,0,,2026-07-18 07:11:01
TEA-EWD-623B31CD97,Luggage Compartment Door Opener and Closer,Electrical Wiring Diagram,Body,,,complete,1,0,1,0,1965,1965.0,1,0,0,,2026-07-18 07:11:01
TEA-EWD-64724D3306,BE-2002: 2001.12 -,Electrical Wiring Diagram,Electrical,,,complete,1,0,1,0,1905,1905.0,1,0,0,,2026-07-18 07:11:01
TEA-EWD-65D9C8ECD5,1998.10 -,Electrical Wiring Diagram,Electrical,,,complete,1,0,1,0,3031,3031.0,1,0,0,,2026-07-18 07:11:01
TEA-EWD-66CB387F9D,Mirror Heater,Electrical Wiring Diagram,Electrical,,,complete,1,0,1,0,1463,1463.0,1,0,0,,2026-07-18 07:11:01
TEA-EWD-67555A59C6,Front Fog Light,Electrical Wiring Diagram,Electrical,,,complete,1,0,1,0,1395,1395.0,1,0,0,,2026-07-18 07:11:01
TEA-EWD-67BDBC4C2E,1998.10 -,Electrical Wiring Diagram,Electrical,,,complete,1,0,1,0,1597,1597.0,1,0,0,,2026-07-18 07:11:01
TEA-EWD-68F34EDCDE,SRS,Electrical Wiring Diagram,Electrical,,,complete,1,0,1,0,1967,1967.0,1,0,0,,2026-07-18 07:11:01
TEA-EWD-69D95F18FC,Rear,Electrical Wiring Diagram,Electrical,,,complete,1,0,1,0,5334,5334.0,1,0,0,,2026-07-18 07:11:01
TEA-EWD-6E5FEB0BD7,LHD,Electrical Wiring Diagram,Electrical,,,complete,1,0,1,0,4447,4447.0,1,0,0,,2026-07-18 07:11:01
TEA-EWD-6F7969E01D,Light Auto Turn Off,Electrical Wiring Diagram,Electrical,,,complete,1,0,1,0,1404,1404.0,1,0,0,,2026-07-18 07:11:01
TEA-EWD-706F7BA6AF,Electronically Modulated Air Suspension,Electrical Wiring Diagram,Suspension,,,complete,1,0,1,0,5035,5035.0,1,0,0,,2026-07-18 07:11:01
TEA-EWD-73744589FA,Stop Light,Electrical Wiring Diagram,Electrical,,,complete,1,0,1,0,2323,2323.0,1,0,0,,2026-07-18 07:11:01
TEA-EWD-747684AE28,1998.10 -,Electrical Wiring Diagram,Electrical,,,complete,1,0,1,0,1862,1862.0,1,0,0,,2026-07-18 07:11:01
TEA-EWD-764D6E1A38,1998.10 - 2001.11,Electrical Wiring Diagram,Electrical,1GZ-FE,,complete,1,0,1,0,872,872.0,1,0,0,,2026-07-18 07:11:02
TEA-EWD-768325BE16,1998.10 - 2001.11,Electrical Wiring Diagram,Electrical,,,complete,1,0,1,0,2233,2233.0,1,0,0,,2026-07-18 07:11:02
TEA-EWD-77949C5B78,BE-2002: 2001.12 -,Electrical Wiring Diagram,Electrical,,,complete,10,0,10,0,7813,781.3,1,0,0,,2026-07-18 07:11:02
TEA-EWD-77F3B81D55,1998.10 -,Electrical Wiring Diagram,Suspension,,,complete,1,0,1,0,4623,4623.0,1,0,0,,2026-07-18 07:11:02
TEA-EWD-7A0A396F5F,Headlight,Electrical Wiring Diagram,Electrical,,,complete,1,0,1,0,1722,1722.0,1,0,0,,2026-07-18 07:11:02
TEA-EWD-7DF5B9657F,1998.10 -,Electrical Wiring Diagram,Electrical,,,complete,1,0,1,0,753,753.0,1,0,0,,2026-07-18 07:11:02
TEA-EWD-82DA01BEFA,BE-2002: 2001.12 -,Electrical Wiring Diagram,Electrical,,,complete,1,0,1,0,1169,1169.0,1,0,0,,2026-07-18 07:11:02
TEA-EWD-83A9AA25B4,1998.10 - 2001.11,Electrical Wiring Diagram,Electrical,,,complete,1,0,1,0,744,744.0,1,0,0,,2026-07-18 07:11:02
TEA-EWD-8829EFD946,GLOSSARY OF TERMS AND SYMBOLS,Electrical Wiring Diagram,Electrical,,,complete,2,0,2,0,4718,2359.0,1,0,0,,2026-07-18 07:11:02
TEA-EWD-88DC90DD8A,1998.10 - 2001.11,Electrical Wiring Diagram,Electrical,,,complete,1,0,1,0,1080,1080.0,1,0,0,,2026-07-18 07:11:02
TEA-EWD-8B369A46A7,Seat Heater,Electrical Wiring Diagram,Electrical,,,complete,1,0,1,0,2639,2639.0,1,0,0,,2026-07-18 07:11:02
TEA-EWD-8C67B9F3E1,LHD,Electrical Wiring Diagram,Electrical,,,complete,1,0,1,0,4507,4507.0,1,0,0,,2026-07-18 07:11:02
TEA-EWD-8D8F09AE92,1998.10 -,Electrical Wiring Diagram,Electrical,1GZ-FE,,complete,1,0,1,0,820,820.0,1,0,0,,2026-07-18 07:11:02
TEA-EWD-8EE2AF747F,Left Bank Control (BE-2002: 2001.12 - ),Electrical Wiring Diagram,Electrical,1GZ-FE,,complete,1,0,1,0,6930,6930.0,1,0,0,,2026-07-18 07:11:02
TEA-EWD-929328712D,Fuel Lid Opener,Electrical Wiring Diagram,Electrical,,,complete,1,0,1,0,1105,1105.0,1,0,0,,2026-07-18 07:11:02
TEA-EWD-92BA88330F,Wiper and Washer,Electrical Wiring Diagram,Electrical,,,complete,1,0,1,0,2107,2107.0,1,0,0,,2026-07-18 07:11:02
TEA-EWD-92C557631E,RHD,Electrical Wiring Diagram,Electrical,,,complete,1,0,1,0,2303,2303.0,1,0,0,,2026-07-18 07:11:02
TEA-EWD-95407F2099,1998.10 -,Electrical Wiring Diagram,Electrical,,,complete,1,0,1,0,438,438.0,1,0,0,,2026-07-18 07:11:02
TEA-EWD-98A1DEF128,1998.10 - 2001.11,Electrical Wiring Diagram,Electrical,,,complete,1,0,1,0,735,735.0,1,0,0,,2026-07-18 07:11:02
TEA-EWD-99530CF40D,BE-2002: 2001.12 -,Electrical Wiring Diagram,Electrical,,,complete,1,0,1,0,2904,2904.0,1,0,0,,2026-07-18 07:11:02
TEA-EWD-9986A6890F,1998.10 - 2001.11,Electrical Wiring Diagram,Electrical,,,complete,16,0,16,0,10767,672.9375,1,0,0,,2026-07-18 07:11:02
TEA-EWD-9A55E91BD2,1998.10 - 2001.11,Electrical Wiring Diagram,Electrical,,,complete,1,0,1,0,3921,3921.0,1,0,0,,2026-07-18 07:11:02
TEA-EWD-9B7F2A4700,Cellular Mobile Telephone,Electrical Wiring Diagram,Electrical,,,complete,1,0,1,0,2292,2292.0,1,0,0,,2026-07-18 07:11:02
TEA-EWD-9F6B45D64E,Back-Up Light,Electrical Wiring Diagram,Electrical,,,complete,1,0,1,0,1589,1589.0,1,0,0,,2026-07-18 07:11:02
TEA-EWD-A1717A9999,BE-2002: 2001.12 -,Electrical Wiring Diagram,Electrical,1GZ-FE,,complete,1,0,1,0,1028,1028.0,1,0,0,,2026-07-18 07:11:02
TEA-EWD-A2D0795573,1998.10 -,Electrical Wiring Diagram,Electrical,,,complete,1,0,1,0,1664,1664.0,1,0,0,,2026-07-18 07:11:02
TEA-EWD-A2D1C98EED,BE-2002: 2001.12 -,Electrical Wiring Diagram,Electrical,,,complete,1,0,1,0,5187,5187.0,1,0,0,,2026-07-18 07:11:02
TEA-EWD-A720174946,1998.10 -,Electrical Wiring Diagram,Electrical,,,complete,1,0,1,0,1807,1807.0,1,0,0,,2026-07-18 07:11:02
TEA-EWD-A721B8E6FA,1998.10 -,Electrical Wiring Diagram,Electrical,,,complete,1,0,1,0,1080,1080.0,1,0,0,,2026-07-18 07:11:02
TEA-EWD-AAFA20E75C,LHD ( 1998.10 - ),Electrical Wiring Diagram,Electrical,,,complete,1,0,1,0,4313,4313.0,1,0,0,,2026-07-18 07:11:02
TEA-EWD-AB441AAA90,Starting,Electrical Wiring Diagram,Electrical,,,complete,1,0,1,0,912,912.0,1,0,0,,2026-07-18 07:11:02
TEA-EWD-ABF82E5E0A,Radio and Player,Electrical Wiring Diagram,Electrical,,,complete,1,0,1,0,3502,3502.0,1,0,0,,2026-07-18 07:11:02
TEA-EWD-AEE85857E2,1998.10 - 2001.11,Electrical Wiring Diagram,Electrical,,,complete,1,0,1,0,416,416.0,1,0,0,,2026-07-18 07:11:02
TEA-EWD-AFE173D328,LHD,Electrical Wiring Diagram,Electrical,,,complete,1,0,1,0,4809,4809.0,1,0,0,,2026-07-18 07:11:02
TEA-EWD-AFE2CB70A9,Communication Bus ( 1998.10 - 2001.11 ),Electrical Wiring Diagram,Electrical,,,pending,,,,,,,,,,,
TEA-EWD-AFEF65270C,1998.10 -,Electrical Wiring Diagram,Electrical,,,complete,1,0,1,0,6091,6091.0,1,0,0,,2026-07-18 07:11:02
TEA-EWD-B2098E5A5F,1998.10 -,Electrical Wiring Diagram,Electrical,,,complete,1,0,1,0,1183,1183.0,1,0,0,,2026-07-18 07:11:02
TEA-EWD-B3C701E757,Combination Meter (BE-2002: 2001.12 - ),Electrical Wiring Diagram,Electrical,,,pending,,,,,,,,,,,
TEA-EWD-B8A296AE05,1998.10 - 2001.11,Electrical Wiring Diagram,Electrical,,,complete,1,0,1,0,437,437.0,1,0,0,,2026-07-18 07:11:02
TEA-EWD-B9068D0B56,Door ECU (LHD),Electrical Wiring Diagram,Electrical,,,complete,1,0,1,0,5311,5311.0,1,0,0,,2026-07-18 07:11:02
TEA-EWD-BCED51E8C3,PPS,Electrical Wiring Diagram,Electrical,,,complete,1,0,1,0,889,889.0,1,0,0,,2026-07-18 07:11:02
TEA-EWD-BD37031375,LHD,Electrical Wiring Diagram,Electrical,,,complete,1,0,1,0,5597,5597.0,1,0,0,,2026-07-18 07:11:02
TEA-EWD-BDA38BA9A0,LHD,Electrical Wiring Diagram,Electrical,,,complete,1,0,1,0,5095,5095.0,1,0,0,,2026-07-18 07:11:02
TEA-EWD-BEDBB5E4F3,Cornering Light,Electrical Wiring Diagram,Electrical,,,complete,1,0,1,0,465,465.0,1,0,0,,2026-07-18 07:11:02
TEA-EWD-C04558C8A1,Rear Fog Light,Electrical Wiring Diagram,Electrical,,,complete,1,0,1,0,1381,1381.0,1,0,0,,2026-07-18 07:11:02
TEA-EWD-C0585FA7EF,LHD ( 1998.10 - ),Electrical Wiring Diagram,Electrical,,,complete,1,0,1,0,1845,1845.0,1,0,0,,2026-07-18 07:11:03
TEA-EWD-C0CF7BF772,Turn Signal and Hazard Warning Light,Electrical Wiring Diagram,Electrical,,,complete,1,0,1,0,1416,1416.0,1,0,0,,2026-07-18 07:11:03
TEA-EWD-C23A2DC6B2,1998.10 -,Electrical Wiring Diagram,Electrical,,,complete,1,0,1,0,1146,1146.0,1,0,0,,2026-07-18 07:11:03
TEA-EWD-C23E006CB1,Front (RHD) ( 1998.10 - 2001.11 ),Electrical Wiring Diagram,Electrical,,,complete,1,0,1,0,2715,2715.0,1,0,0,,2026-07-18 07:11:03
TEA-EWD-C26B2B01FB,Door ECU (RHD),Electrical Wiring Diagram,Electrical,,,complete,1,0,1,0,5212,5212.0,1,0,0,,2026-07-18 07:11:03
TEA-EWD-C44AB23186,Vibration Seat,Electrical Wiring Diagram,Electrical,,,complete,1,0,1,0,1028,1028.0,1,0,0,,2026-07-18 07:11:03
TEA-EWD-C58FE844B7,1998.10 -,Electrical Wiring Diagram,Electrical,,,complete,1,0,1,0,1113,1113.0,1,0,0,,2026-07-18 07:11:03
TEA-EWD-C6032A1207,Rear J/B ECU ( 1998.10 - ),Electrical Wiring Diagram,Electrical,,,pending,,,,,,,,,,,
TEA-EWD-C6B6CECE5C,1998.10 -,Electrical Wiring Diagram,Electrical,1GZ-FE,,complete,1,0,1,0,400,400.0,1,0,0,,2026-07-18 07:11:03
TEA-EWD-C71FE292CA,1998.10 -,Electrical Wiring Diagram,Electrical,,,complete,1,0,1,0,2414,2414.0,1,0,0,,2026-07-18 07:11:03
TEA-EWD-C73697A120,Rear Light ECU,Electrical Wiring Diagram,Electrical,,,complete,1,0,1,0,4935,4935.0,1,0,0,,2026-07-18 07:11:03
TEA-EWD-C819874DA1,Body ECU,Electrical Wiring Diagram,Electrical,,,complete,1,0,1,0,7191,7191.0,1,0,0,,2026-07-18 07:11:03
TEA-EWD-C82EDDE80A,1998.10 -,Electrical Wiring Diagram,Electrical,,,complete,1,0,1,0,1158,1158.0,1,0,0,,2026-07-18 07:11:03
TEA-EWD-C8AEEC76A8,Key Reminder,Electrical Wiring Diagram,Electrical,,,complete,1,0,1,0,1651,1651.0,1,0,0,,2026-07-18 07:11:03
TEA-EWD-CA224C0E1A,BE-2002: 2001.12 -,Electrical Wiring Diagram,Electrical,,,complete,1,0,1,0,3702,3702.0,1,0,0,,2026-07-18 07:11:03
TEA-EWD-CA768A9B52,RHD,Electrical Wiring Diagram,Electrical,,,complete,1,0,1,0,5013,5013.0,1,0,0,,2026-07-18 07:11:03
TEA-EWD-CA7E5819D0,1998.10 -,Electrical Wiring Diagram,Electrical,,,complete,1,0,1,0,344,344.0,1,0,0,,2026-07-18 07:11:03
TEA-EWD-CB6AD16B2E,Communication Bus,Electrical Wiring Diagram,Electrical,,,complete,1,0,1,0,1012,1012.0,1,0,0,,2026-07-18 07:11:03
TEA-EWD-CEAAED4D0C,Shift Lock,Electrical Wiring Diagram,Electrical,,,complete,1,0,1,0,1080,1080.0,1,0,0,,2026-07-18 07:11:03
TEA-EWD-CFA6F0E4A7,Power Tilt and Power Telescopic,Electrical Wiring Diagram,Electrical,,,complete,1,0,1,0,1495,1495.0,1,0,0,,2026-07-18 07:11:03
TEA-EWD-D1F001274A,Horn,Electrical Wiring Diagram,Electrical,,,complete,1,0,1,0,829,829.0,1,0,0,,2026-07-18 07:11:03
TEA-EWD-D224D601A2,Taillight,Electrical Wiring Diagram,Electrical,,,complete,1,0,1,0,3148,3148.0,1,0,0,,2026-07-18 07:11:03
TEA-EWD-D55F68F111,Combination Meter,Electrical Wiring Diagram,Electrical,,,complete,1,0,1,0,2392,2392.0,1,0,0,,2026-07-18 07:11:03
TEA-EWD-D62EAB5A48,Interior Light,Electrical Wiring Diagram,Electrical,,,complete,1,0,1,0,4159,4159.0,1,0,0,,2026-07-18 07:11:03
TEA-EWD-D86A60BA3B,1998.10 - 2001.11,Electrical Wiring Diagram,Electrical,,,complete,1,0,1,0,1470,1470.0,1,0,0,,2026-07-18 07:11:03
TEA-EWD-D924203AAC,1998.10 -,Electrical Wiring Diagram,Electrical,,,complete,1,0,1,0,219,219.0,1,0,0,,2026-07-18 07:11:03
TEA-EWD-DB70980680,ECT and A/T Indicator,Electrical Wiring Diagram,Electrical,,,complete,1,0,1,0,5711,5711.0,1,0,0,,2026-07-18 07:11:03
TEA-EWD-DC62CDA375,Front (LHD),Electrical Wiring Diagram,Electrical,,,complete,1,0,1,0,2386,2386.0,1,0,0,,2026-07-18 07:11:03
TEA-EWD-DFAE91D04F,1998.10 -,Electrical Wiring Diagram,Electrical,,,complete,1,0,1,0,333,333.0,1,0,0,,2026-07-18 07:11:03
TEA-EWD-E0BBAB767E,1998.10 -,Electrical Wiring Diagram,Electrical,,,complete,6,0,6,0,21833,3638.8333333333335,1,0,0,,2026-07-18 07:11:03
TEA-EWD-E37A0425A4,Ignition,Electrical Wiring Diagram,Electrical,,,complete,1,0,1,0,1138,1138.0,1,0,0,,2026-07-18 07:11:03
TEA-EWD-E6F5AB560B,BE-2002: 2001.12 -,Electrical Wiring Diagram,Electrical,,,complete,1,0,1,0,329,329.0,1,0,0,,2026-07-18 07:11:03
TEA-EWD-E97EA6E6CB,1998.10 -,Electrical Wiring Diagram,Electrical,1GZ-FE,,complete,1,0,1,0,617,617.0,1,0,0,,2026-07-18 07:11:03
TEA-EWD-E9BEA01E21,BE-2002: 2001.12 -,Electrical Wiring Diagram,Electrical,,,complete,1,0,1,0,1814,1814.0,1,0,0,,2026-07-18 07:11:03
TEA-EWD-ECC73DB531,1998.10 -,Electrical Wiring Diagram,Electrical,1GZ-FE,,complete,1,0,1,0,410,410.0,1,0,0,,2026-07-18 07:11:03
TEA-EWD-ED372FB875,Matrix,Electrical Wiring Diagram,Electrical,,,complete,8,0,8,0,11562,1445.25,1,0,0,,2026-07-18 07:11:03
TEA-EWD-ED90604DBB,1998.10 - 2001.11,Electrical Wiring Diagram,Electrical,,,complete,1,0,1,0,2073,2073.0,1,0,0,,2026-07-18 07:11:03
TEA-EWD-EDA3599984,Remote Control Mirror,Electrical Wiring Diagram,Electrical,,,complete,1,0,1,0,1677,1677.0,1,0,0,,2026-07-18 07:11:03
TEA-EWD-EE04F61AF5,Right Bank Control,Electrical Wiring Diagram,Electrical,1GZ-FE,,complete,1,0,1,0,8018,8018.0,1,0,0,,2026-07-18 07:11:03
TEA-EWD-EF29122E15,1998.10 -,Electrical Wiring Diagram,Electrical,,,complete,1,0,1,0,888,888.0,1,0,0,,2026-07-18 07:11:03
TEA-EWD-F3E90E06D6,Automatic Light Control,Electrical Wiring Diagram,Electrical,,,complete,1,0,1,0,1486,1486.0,1,0,0,,2026-07-18 07:11:03
TEA-EWD-F65FC73976,Automatic Air Conditioner,Electrical Wiring Diagram,Electrical,,,complete,1,0,1,0,7005,7005.0,1,0,0,,2026-07-18 07:11:03
TEA-EWD-F7D9C189CE,RHD ( 1998.10 - 2001.11 ),Electrical Wiring Diagram,Electrical,,,complete,1,0,1,0,4434,4434.0,1,0,0,,2026-07-18 07:11:03
TEA-EWD-FD7A5B06AE,Left Bank Control,Electrical Wiring Diagram,Electrical,1GZ-FE,,complete,1,0,1,0,8393,8393.0,1,0,0,,2026-07-18 07:11:03
TEA-EWD-FE131D7870,RHD,Electrical Wiring Diagram,Electrical,,,complete,1,0,1,0,10775,10775.0,1,0,0,,2026-07-18 07:11:03
TEA-NCF-000608B8A9,Exterior (Outside Rearview Mirrors),New Car Features,General,,,complete,1,0,1,0,702,702.0,1,0,0,,2026-07-18 07:11:03
TEA-NCF-04D98FEF1B,Exterior (Side Design),New Car Features,General,,,complete,1,0,1,0,606,606.0,1,0,0,,2026-07-18 07:11:04
TEA-NCF-09D44D0432,Description,New Car Features,Brake,,,complete,1,0,1,0,1098,1098.0,1,0,0,,2026-07-18 07:11:04
TEA-NCF-0B59EAAE15,Sub-Frames,New Car Features,Suspension,,,complete,1,0,1,0,1087,1087.0,1,0,0,,2026-07-18 07:11:04
TEA-NCF-0DCE70EC52,Features of 1GZ-FE Engine,New Car Features,Engine,1GZ-FE,,complete,1,0,1,0,2091,2091.0,1,0,0,,2026-07-18 07:11:04
TEA-NCF-0DD96D7870,Cruise Control System,New Car Features,Electrical,,,complete,1,0,1,0,1552,1552.0,1,0,0,,2026-07-18 07:11:04
TEA-NCF-0E470543C4,Power Tilt and Power Telescopic Steering Column,New Car Features,Steering,,,complete,1,0,1,0,1520,1520.0,1,0,0,,2026-07-18 07:11:04
TEA-NCF-1633647D93,Sound Absorbing and Vibration Damping Materials,New Car Features,Brake,,,complete,3,0,3,0,1586,528.6666666666666,1,0,0,,2026-07-18 07:11:04
TEA-NCF-16A0AAFDA9,Rear Light System,New Car Features,Electrical,,,complete,1,0,1,0,1761,1761.0,1,0,0,,2026-07-18 07:11:04
TEA-NCF-1D6DE584EC,Engine Specifications and Performance Curve,New Car Features,Engine,1GZ-FE,,complete,1,0,1,0,798,798.0,1,0,0,,2026-07-18 07:11:04
TEA-NCF-26AF0DD5DE,Description,New Car Features,Steering,,,complete,1,0,1,0,672,672.0,1,0,0,,2026-07-18 07:11:04
TEA-NCF-28BB257460,MODEL CODE AND MODEL LINE-UP,New Car Features,General,,,complete,1,0,1,0,573,573.0,1,0,0,,2026-07-18 07:11:04
TEA-NCF-2C652D54C5,Interior (Ceiling Features),New Car Features,General,,,complete,1,0,1,0,761,761.0,1,0,0,,2026-07-18 07:11:04
TEA-NCF-2F20D177FA,Description,New Car Features,Body,,,complete,2,0,2,0,3806,1903.0,1,0,0,,2026-07-18 07:11:04
TEA-NCF-35C7B7503D,Electronic Modulated Air Suspension,New Car Features,Suspension,,,complete,12,0,12,0,16242,1353.5,1,0,0,,2026-07-18 07:11:04
TEA-NCF-390CC74FAB,Wireless Door Lock Remote Control System,New Car Features,Body,,,complete,1,0,1,0,2045,2045.0,1,0,0,,2026-07-18 07:11:04
TEA-NCF-3999DC4547,Description,New Car Features,General,,,complete,1,0,1,0,914,914.0,1,0,0,,2026-07-18 07:11:04
TEA-NCF-3A8E2396C5,Description,New Car Features,Engine,1GZ-FE,,complete,1,0,1,0,599,599.0,1,0,0,,2026-07-18 07:11:04
TEA-NCF-3F70EFF500,Rear Suspension,New Car Features,Suspension,,,complete,3,0,3,0,2210,736.6666666666666,1,0,0,,2026-07-18 07:11:04
TEA-NCF-40FF6696EB,Interior (Power Windows),New Car Features,Electrical,,,complete,1,0,1,0,1153,1153.0,1,0,0,,2026-07-18 07:11:04
TEA-NCF-434AE45E83,Front Disc Brake,New Car Features,Brake,,,complete,1,0,1,0,1197,1197.0,1,0,0,,2026-07-18 07:11:04
TEA-NCF-451B6448AC,Parking Brake,New Car Features,Brake,,,complete,1,0,1,0,407,407.0,1,0,0,,2026-07-18 07:11:04
TEA-NCF-4B02B87ADD,MAJOR TECHNICAL SPECIFICATIONS,New Car Features,General,,,complete,1,0,1,0,2583,2583.0,1,0,0,,2026-07-18 07:11:04
TEA-NCF-52437E387E,Automatic Light Control System,New Car Features,Electrical,,,complete,1,0,1,0,1962,1962.0,1,0,0,,2026-07-18 07:11:04
TEA-NCF-58EF15A77D,Cooling System,New Car Features,Engine,1GZ-FE,,complete,5,0,5,0,4344,868.8,1,0,0,,2026-07-18 07:11:04
TEA-NCF-59687FB07F,Exterior (Rear Design),New Car Features,General,,,complete,1,0,1,0,823,823.0,1,0,0,,2026-07-18 07:11:04
TEA-NCF-5E3C958716,Luggage Opener and Closer System,New Car Features,Body,,,complete,1,0,1,0,1497,1497.0,1,0,0,,2026-07-18 07:11:04
TEA-NCF-654A412886,Lubrication System,New Car Features,Engine,1GZ-FE,,complete,2,0,2,0,1484,742.0,1,0,0,,2026-07-18 07:11:04
TEA-NCF-6616388876,Interior (Steering Wheel & Column),New Car Features,Steering,,,complete,1,0,1,0,351,351.0,1,0,0,,2026-07-18 07:11:04
TEA-NCF-662F8E4734,SRS Airbags,New Car Features,Electrical,,,complete,2,0,2,0,1750,875.0,1,0,0,,2026-07-18 07:11:04
TEA-NCF-6AA4EBE56D,Description,New Car Features,Chassis,,,complete,1,0,1,0,1778,1778.0,1,0,0,,2026-07-18 07:11:04
TEA-NCF-7199AC03A6,Torque Converter and Planetary Gear Unit,New Car Features,Transmission,,A343E,complete,1,0,1,0,1428,1428.0,1,0,0,,2026-07-18 07:11:04
TEA-NCF-74B7A620CC,Description,New Car Features,Body,,,complete,1,0,1,0,1658,1658.0,1,0,0,,2026-07-18 07:11:04
TEA-NCF-7F3849A38F,Interior (Combination Meter),New Car Features,Electrical,,,complete,1,0,1,0,756,756.0,1,0,0,,2026-07-18 07:11:04
TEA-NCF-83077E1205,ABS (Anti-Lock Brake System),New Car Features,Brake,,,complete,3,0,3,0,3005,1001.6666666666666,1,0,0,,2026-07-18 07:11:04
TEA-NCF-8ADEAA70EC,Interior (Air Conditioner),New Car Features,Electrical,,,complete,1,0,1,0,659,659.0,1,0,0,,2026-07-18 07:11:04
TEA-NCF-8B930B5799,Crash Safety Body,New Car Features,Body,,,complete,1,0,1,0,974,974.0,1,0,0,,2026-07-18 07:11:04
TEA-NCF-95CBE377CA,Interior (Seat),New Car Features,General,,,complete,1,0,1,0,1339,1339.0,1,0,0,,2026-07-18 07:11:04
TEA-NCF-9B15FDCFC8,Door,New Car Features,Body,,,complete,1,0,1,0,303,303.0,1,0,0,,2026-07-18 07:11:04
TEA-NCF-9E80AA4009,Intake and Exhaust System,New Car Features,Engine,1GZ-FE,,complete,3,0,3,0,3236,1078.6666666666667,1,0,0,,2026-07-18 07:11:04
TEA-NCF-A314FBA8E2,Description,New Car Features,Body,,,complete,1,0,1,0,581,581.0,1,0,0,,2026-07-18 07:11:04
TEA-NCF-A6CF9A5B27,Ignition System,New Car Features,Engine,1GZ-FE,,complete,2,0,2,0,1831,915.5,1,0,0,,2026-07-18 07:11:04
TEA-NCF-A7854019FF,Description,New Car Features,Body,,,complete,1,0,1,0,395,395.0,1,0,0,,2026-07-18 07:11:04
TEA-NCF-AA199498C1,Valve Mechanism,New Car Features,Engine,1GZ-FE,,complete,4,0,4,0,2948,737.0,1,0,0,,2026-07-18 07:11:04
TEA-NCF-AAD256B90E,EXTERIOR APPEARANCE,New Car Features,General,,,complete,1,0,1,0,37,37.0,1,0,0,,2026-07-18 07:11:04
TEA-NCF-ADA21B58B2,DEVELOPMENT OBJECTIVE,New Car Features,General,,,complete,1,0,1,0,631,631.0,1,0,0,,2026-07-18 07:11:04
TEA-NCF-ADBC518B55,Interior (Trims & Garnishes),New Car Features,General,,,complete,1,0,1,0,818,818.0,1,0,0,,2026-07-18 07:11:04
TEA-NCF-AEDF8731CA,Interior (Audio System),New Car Features,Electrical,,,complete,1,0,1,0,809,809.0,1,0,0,,2026-07-18 07:11:04
TEA-NCF-B1F3637576,Engine,New Car Features,Engine,1GZ-FE,,complete,1,0,1,0,929,929.0,1,0,0,,2026-07-18 07:11:04
TEA-NCF-B251B9828B,Power Seats,New Car Features,Body,,,complete,3,0,3,0,3312,1104.0,1,0,0,,2026-07-18 07:11:04
TEA-NCF-B540FFEBD3,Engine Control System,New Car Features,Engine,1GZ-FE,,complete,23,0,23,0,30676,1333.7391304347825,1,0,0,,2026-07-18 07:11:04
TEA-NCF-BC7B1E0C3B,Electronic Control System,New Car Features,Transmission,,A343E,complete,8,0,8,0,9099,1137.375,1,0,0,,2026-07-18 07:11:05
TEA-NCF-C3B09E7EEC,Front Suspension,New Car Features,Suspension,,,complete,3,0,3,0,2534,844.6666666666666,1,0,0,,2026-07-18 07:11:05
TEA-NCF-C8616CCA21,SRS Airbag,New Car Features,Electrical,,,complete,1,0,1,0,1872,1872.0,1,0,0,,2026-07-18 07:11:05
TEA-NCF-C90F5FE37F,Exterior (Front Design),New Car Features,General,,,complete,1,0,1,0,961,961.0,1,0,0,,2026-07-18 07:11:05
TEA-NCF-CE67E63A56,Power Window System,New Car Features,Electrical,,,complete,1,0,1,0,2319,2319.0,1,0,0,,2026-07-18 07:11:05
TEA-NCF-D7D3992BB5,Engine Proper,New Car Features,Engine,1GZ-FE,,complete,4,0,4,0,2779,694.75,1,0,0,,2026-07-18 07:11:05
TEA-NCF-D853F01A26,Rear Air Conditioner System,New Car Features,Electrical,,,complete,1,0,1,0,745,745.0,1,0,0,,2026-07-18 07:11:05
TEA-NCF-DA2C17B90A,Description,New Car Features,Suspension,,,complete,1,0,1,0,744,744.0,1,0,0,,2026-07-18 07:11:05
TEA-NCF-DA459858D1,System Construction,New Car Features,Body,,,complete,1,0,1,0,429,429.0,1,0,0,,2026-07-18 07:11:05
TEA-NCF-DAC376A5F2,Serpentine Belt Drive System,New Car Features,Engine,1GZ-FE,,complete,1,0,1,0,902,902.0,1,0,0,,2026-07-18 07:11:05
TEA-NCF-DEBEB5F2ED,Head Impact Protection Structure,New Car Features,General,,,complete,1,0,1,0,884,884.0,1,0,0,,2026-07-18 07:11:05
TEA-NCF-E14CAAD9B2,ABS (Anti-Lock Brake Ssytem),New Car Features,Brake,,,complete,1,0,1,0,300,300.0,1,0,0,,2026-07-18 07:11:05
TEA-NCF-E44E779778,LIST OF EQUIPMENT,New Car Features,General,,,complete,2,0,2,0,1722,861.0,1,0,0,,2026-07-18 07:11:05
TEA-NCF-E506B8553C,Bumper,New Car Features,Body,,,complete,1,0,1,0,788,788.0,1,0,0,,2026-07-18 07:11:05
TEA-NCF-E54F98E3F8,Rear Door Closer System,New Car Features,Body,,,complete,2,0,2,0,2848,1424.0,1,0,0,,2026-07-18 07:11:05
TEA-NCF-E6AD850BBD,Sound Insulation Materials,New Car Features,General,,,complete,1,0,1,0,400,400.0,1,0,0,,2026-07-18 07:11:05
TEA-NCF-E7A6F92933,Differential Support,New Car Features,Chassis,,,complete,1,0,1,0,389,389.0,1,0,0,,2026-07-18 07:11:05
TEA-NCF-E883970561,Combination Meter,New Car Features,Electrical,,,complete,1,0,1,0,1423,1423.0,1,0,0,,2026-07-18 07:11:05
TEA-NCF-EB63C69B4C,Fuel System,New Car Features,Engine,1GZ-FE,,complete,1,0,1,0,829,829.0,1,0,0,,2026-07-18 07:11:05
TEA-NCF-ED2DECBFC8,Description,New Car Features,Transmission,,A343E,complete,1,0,1,0,1610,1610.0,1,0,0,,2026-07-18 07:11:05
TEA-NCF-ED6E898EB7,Automatic Transmission,New Car Features,Transmission,,A343E,complete,1,0,1,0,873,873.0,1,0,0,,2026-07-18 07:11:05
TEA-NCF-EE8294BB21,Seat Heater,New Car Features,Electrical,,,complete,1,0,1,0,1731,1731.0,1,0,0,,2026-07-18 07:11:05
TEA-NCF-F362B48AF7,Front air Conditioner System,New Car Features,Electrical,,,complete,3,0,3,0,3353,1117.6666666666667,1,0,0,,2026-07-18 07:11:05
TEA-NCF-F5C17217AA,Weather Strip,New Car Features,Body,,,complete,1,0,1,0,663,663.0,1,0,0,,2026-07-18 07:11:05
TEA-NCF-FADCE6DC16,Hydraulic Reaction Progressive Power Steering,New Car Features,Steering,,,complete,3,0,3,0,3556,1185.3333333333333,1,0,0,,2026-07-18 07:11:05
TEA-NCF-FD17CE8588,Interior (Interior Design),New Car Features,General,,,complete,1,0,1,0,611,611.0,1,0,0,,2026-07-18 07:11:05
TEA-RM-002C9943BA,INSTALLATION,Repair Manual,Electrical,,,complete,1,0,1,0,1436,1436.0,1,0,0,,2026-07-18 07:11:05
TEA-RM-00354E38A4,REASSEMBLY,Repair Manual,Suspension,,,complete,2,0,2,0,1615,807.5,1,0,0,,2026-07-18 07:11:05
TEA-RM-00CBA2F822,PROBLEM SYMPTOMS TABLE,Repair Manual,General,,,complete,3,0,3,0,4867,1622.3333333333333,1,0,0,,2026-07-18 07:11:05
TEA-RM-012E6DBA92,COMPONENTS,Repair Manual,Steering,,,complete,2,0,2,0,1049,524.5,1,0,0,,2026-07-18 07:11:05
TEA-RM-0156D97415,Vertical Power Seat Motor and Position Sensor Circuit,Repair Manual,General,,,pending,,,,,,,,,,,
TEA-RM-01C33E08EB,ADJUSTMENT,Repair Manual,Suspension,,,complete,2,0,2,0,1738,869.0,1,0,0,,2026-07-18 07:11:05
TEA-RM-021CEA806F,"P0753/62,P0758/63",Repair Manual,Transmission,,A343E,complete,4,0,4,0,5205,1301.25,1,0,0,,2026-07-18 07:11:05
TEA-RM-0241A04670,Wiper and washer switch circuit,Repair Manual,Body,,,complete,3,0,3,0,1713,571.0,1,0,0,,2026-07-18 07:11:05
TEA-RM-024A78956A,INSPECTION,Repair Manual,Steering,,,complete,3,0,3,0,2858,952.6666666666666,1,0,0,,2026-07-18 07:11:05
TEA-RM-02544593FC,REMOVAL,Repair Manual,Suspension,,,complete,1,0,1,0,467,467.0,1,0,0,,2026-07-18 07:11:05
TEA-RM-0267D9DD12,ON-VEHICLE INSPECTION,Repair Manual,General,,,complete,7,0,7,0,8376,1196.5714285714287,1,0,0,,2026-07-18 07:11:05
TEA-RM-0271ECE648,INSPECTION,Repair Manual,Brake,,,complete,1,0,1,0,1637,1637.0,1,0,0,,2026-07-18 07:11:05
TEA-RM-02B0171374,TERMINALS OF ECU,Repair Manual,Engine,,,complete,2,0,2,0,1969,984.5,1,0,0,,2026-07-18 07:11:05
TEA-RM-02BE6E8BD5,COMPONENTS,Repair Manual,Body,,,complete,1,0,1,0,147,147.0,1,0,0,,2026-07-18 07:11:05
TEA-RM-02EC051B78,SET ON,Repair Manual,General,,,complete,1,0,1,0,747,747.0,1,0,0,,2026-07-18 07:11:05
TEA-RM-02FE9D6143,P1566/54,Repair Manual,Electrical,,,complete,4,0,4,0,3029,757.25,1,0,0,,2026-07-18 07:11:05
TEA-RM-030A502AFA,REMOVAL,Repair Manual,Body,,,complete,1,0,1,0,415,415.0,1,0,0,,2026-07-18 07:11:05
TEA-RM-03BBA6E12C,REMOVAL,Repair Manual,General,,,complete,1,0,1,0,275,275.0,1,0,0,,2026-07-18 07:11:05
TEA-RM-03C3034F14,REPLACEMENT,Repair Manual,Chassis,,,complete,1,0,1,0,732,732.0,1,0,0,,2026-07-18 07:11:05
TEA-RM-043CD1841D,REASSEMBLY,Repair Manual,General,,,complete,1,0,1,0,141,141.0,1,0,0,,2026-07-18 07:11:05
TEA-RM-0469695C95,14. You cannot enter the diagnostic mode.,Repair Manual,Electrical,,,complete,2,0,2,0,1136,568.0,1,0,0,,2026-07-18 07:11:05
TEA-RM-0494FF4F09,RECOMMENDED TOOLS,Repair Manual,General,,,complete,1,0,1,0,190,190.0,1,0,0,,2026-07-18 07:11:05
TEA-RM-04CB061AB7,Rear power seat ECU,Repair Manual,Engine,,,complete,2,0,2,0,1018,509.0,1,0,0,,2026-07-18 07:11:05
TEA-RM-0510550937,51,Repair Manual,Brake,,,complete,2,0,2,0,1336,668.0,1,0,0,,2026-07-18 07:11:05
TEA-RM-05AE471A5E,PROBLEM SYMPTOMS TABLE,Repair Manual,Transmission,,A343E,complete,5,0,5,0,7647,1529.4,1,0,0,,2026-07-18 07:11:05
TEA-RM-05F2EFEEB7,PARTS LOCATION,Repair Manual,General,,,complete,1,0,1,0,481,481.0,1,0,0,,2026-07-18 07:11:05
TEA-RM-0602AC65C9,COMPONENTS,Repair Manual,Body,,,complete,1,0,1,0,827,827.0,1,0,0,,2026-07-18 07:11:05
TEA-RM-0627BA28D2,SST (Special Service Tools),Repair Manual,Brake,,,complete,1,0,1,0,321,321.0,1,0,0,,2026-07-18 07:11:06
TEA-RM-063DA908A3,PROBLEM SYMPTOMS TABLE,Repair Manual,Brake,,,complete,2,0,2,0,3471,1735.5,1,0,0,,2026-07-18 07:11:06
TEA-RM-068B4B2ECE,TORQUE SPECIFICATION,Repair Manual,Suspension,,,complete,3,0,3,0,4192,1397.3333333333333,1,0,0,,2026-07-18 07:11:06
TEA-RM-06BB2AF981,PARTS LOCATION,Repair Manual,Body,,,complete,1,0,1,0,354,354.0,1,0,0,,2026-07-18 07:11:06
TEA-RM-0740FD49E0,TERMINALS OF ECU,Repair Manual,Engine,,,complete,3,0,3,0,5131,1710.3333333333333,1,0,0,,2026-07-18 07:11:06
TEA-RM-079B00D1FC,B1173/92,Repair Manual,General,,,complete,3,0,3,0,3740,1246.6666666666667,1,0,0,,2026-07-18 07:11:06
TEA-RM-07E7232B06,PROBLEM SYMPTOMS TABLE,Repair Manual,Brake,,,complete,2,0,2,0,1943,971.5,1,0,0,,2026-07-18 07:11:06
TEA-RM-07E9E80E0A,COMPONENTS,Repair Manual,Chassis,,,complete,2,0,2,0,1495,747.5,1,0,0,,2026-07-18 07:11:06
TEA-RM-07F62ED221,INSPECTION,Repair Manual,Electrical,,,complete,6,0,6,0,4813,802.1666666666666,1,0,0,,2026-07-18 07:11:06
TEA-RM-083C0F1AEC,INSTALLATION,Repair Manual,Body,,,complete,1,0,1,0,135,135.0,1,0,0,,2026-07-18 07:11:06
TEA-RM-085C842565,INSTALLATION,Repair Manual,Body,,,complete,1,0,1,0,165,165.0,1,0,0,,2026-07-18 07:11:06
TEA-RM-086C2A0CEF,INSPECTION,Repair Manual,Body,,,complete,2,0,2,0,2213,1106.5,1,0,0,,2026-07-18 07:11:06
TEA-RM-089B29B3CF,SST (Special Service Tools),Repair Manual,Transmission,,A343E,complete,1,0,1,0,457,457.0,1,0,0,,2026-07-18 07:11:06
TEA-RM-08B19BB7B5,REMOVAL,Repair Manual,Suspension,,,complete,2,0,2,0,1777,888.5,1,0,0,,2026-07-18 07:11:06
TEA-RM-09105C63DC,INSTALLATION,Repair Manual,General,,,complete,1,0,1,0,158,158.0,1,0,0,,2026-07-18 07:11:06
TEA-RM-095876CD89,COMPONENTS,Repair Manual,Transmission,,A343E,complete,1,0,1,0,894,894.0,1,0,0,,2026-07-18 07:11:06
TEA-RM-09FB4FED5C,INSPECTION,Repair Manual,Body,,,complete,2,0,2,0,1725,862.5,1,0,0,,2026-07-18 07:11:06
TEA-RM-0AC89CC738,Power window switch circuit,Repair Manual,Body,,,complete,2,0,2,0,1390,695.0,1,0,0,,2026-07-18 07:11:06
TEA-RM-0B1B286AC0,COMPONENTS,Repair Manual,Body,,,complete,1,0,1,0,548,548.0,1,0,0,,2026-07-18 07:11:06
TEA-RM-0B2193C162,REMOVAL,Repair Manual,Body,,,complete,1,0,1,0,662,662.0,1,0,0,,2026-07-18 07:11:06
TEA-RM-0B4574B6CB,REPLACEMENT,Repair Manual,Electrical,,,complete,1,0,1,0,642,642.0,1,0,0,,2026-07-18 07:11:06
TEA-RM-0B96EC3F56,INSPECTION,Repair Manual,Suspension,,,complete,3,0,3,0,2420,806.6666666666666,1,0,0,,2026-07-18 07:11:06
TEA-RM-0BD1DD8655,INSTALLATION,Repair Manual,Suspension,,,complete,1,0,1,0,1051,1051.0,1,0,0,,2026-07-18 07:11:06
TEA-RM-0BD81449DF,INSPECTION,Repair Manual,Engine,,,complete,1,0,1,0,600,600.0,1,0,0,,2026-07-18 07:11:06
TEA-RM-0C51DA6F5C,INSPECTION,Repair Manual,Body,,,complete,7,0,7,0,9441,1348.7142857142858,1,0,0,,2026-07-18 07:11:06
TEA-RM-0C75DF3E79,EQUIPMENT,Repair Manual,General,,,complete,1,0,1,0,258,258.0,1,0,0,,2026-07-18 07:11:06
TEA-RM-0CA2529EEC,INSPECTION,Repair Manual,Steering,,,complete,3,0,3,0,3016,1005.3333333333334,1,0,0,,2026-07-18 07:11:06
TEA-RM-0CE6C30A9F,COMPONENTS,Repair Manual,Suspension,,,complete,2,0,2,0,1078,539.0,1,0,0,,2026-07-18 07:11:06
TEA-RM-0CE6DAB405,B1271 / 71,Repair Manual,General,,,complete,2,0,2,0,1530,765.0,1,0,0,,2026-07-18 07:11:06
TEA-RM-0D0AA3F130,REMOVAL,Repair Manual,Steering,,,complete,1,0,1,0,273,273.0,1,0,0,,2026-07-18 07:11:06
TEA-RM-0D0D2D2707,INSPECTION,Repair Manual,Body,,,complete,4,0,4,0,5082,1270.5,1,0,0,,2026-07-18 07:11:06
TEA-RM-0D1434768D,Door key lock and unlock switch circuit,Repair Manual,Body,,,complete,3,0,3,0,1427,475.6666666666667,1,0,0,,2026-07-18 07:11:06
TEA-RM-0D9438827C,REPLACEMENT,Repair Manual,Brake,,,complete,2,0,2,0,2589,1294.5,1,0,0,,2026-07-18 07:11:06
TEA-RM-0E3A6984C9,COMPONENTS,Repair Manual,Brake,,,complete,1,0,1,0,415,415.0,1,0,0,,2026-07-18 07:11:06
TEA-RM-0E60AF23AF,INSTALLATION,Repair Manual,Engine,,,complete,1,0,1,0,405,405.0,1,0,0,,2026-07-18 07:11:06
TEA-RM-0E962A6B98,LOCATION,Repair Manual,Body,,,complete,1,0,1,0,1605,1605.0,1,0,0,,2026-07-18 07:11:06
TEA-RM-0EA2E63066,REMOVAL,Repair Manual,Body,,,complete,1,0,1,0,496,496.0,1,0,0,,2026-07-18 07:11:06
TEA-RM-0EB4EB375A,INSTALLATION,Repair Manual,Engine,,,complete,1,0,1,0,809,809.0,1,0,0,,2026-07-18 07:11:06
TEA-RM-0EF16EBF7D,COMPONENTS,Repair Manual,Brake,,,complete,1,0,1,0,753,753.0,1,0,0,,2026-07-18 07:11:06
TEA-RM-0F0190F20B,Jam protection limit switch circuit,Repair Manual,Body,,,complete,2,0,2,0,999,499.5,1,0,0,,2026-07-18 07:11:06
TEA-RM-0F6236D282,INSTALLATION,Repair Manual,Body,,,complete,1,0,1,0,1036,1036.0,1,0,0,,2026-07-18 07:11:06
TEA-RM-0F89FD95E3,Air Vent Mode Damper Control Servomotor Circuit,Repair Manual,General,,,complete,3,0,3,0,2613,871.0,1,0,0,,2026-07-18 07:11:06
TEA-RM-0F902BB9E4,INSPECTION,Repair Manual,Steering,,,complete,1,0,1,0,337,337.0,1,0,0,,2026-07-18 07:11:06
TEA-RM-0F96F25321,DISASSEMBLY,Repair Manual,Body,,,complete,1,0,1,0,482,482.0,1,0,0,,2026-07-18 07:11:06
TEA-RM-103DE80E39,REMOVAL,Repair Manual,Electrical,,,complete,2,0,2,0,1679,839.5,1,0,0,,2026-07-18 07:11:06
TEA-RM-105943F6A5,INSTALLATION,Repair Manual,Body,,,complete,1,0,1,0,577,577.0,1,0,0,,2026-07-18 07:11:06
TEA-RM-10943AB7F1,16,Repair Manual,General,,,complete,3,0,3,0,2073,691.0,1,0,0,,2026-07-18 07:11:07
TEA-RM-10A5019A38,Hi-mounted stop circuit,Repair Manual,General,,,complete,2,0,2,0,960,480.0,1,0,0,,2026-07-18 07:11:07
TEA-RM-114597F590,REMOVAL,Repair Manual,General,,,complete,1,0,1,0,387,387.0,1,0,0,,2026-07-18 07:11:07
TEA-RM-11B9F2E19E,TERMINALS OF ECU,Repair Manual,Engine,,,complete,2,0,2,0,1952,976.0,1,0,0,,2026-07-18 07:11:07
TEA-RM-11EA854956,INSPECTION,Repair Manual,Electrical,,,complete,1,0,1,0,1595,1595.0,1,0,0,,2026-07-18 07:11:07
TEA-RM-11FD20CB0C,CUSTOMER PROBLEM ANALYSIS CHECK,Repair Manual,General,,,complete,1,0,1,0,898,898.0,1,0,0,,2026-07-18 07:11:07
TEA-RM-120E0D5FA0,REMOVAL,Repair Manual,Body,,,complete,2,0,2,0,1915,957.5,1,0,0,,2026-07-18 07:11:07
TEA-RM-1215B2FF20,HOW TO PROCEED WITH TROUBLESHOOTING,Repair Manual,General,,,complete,1,0,1,0,1048,1048.0,1,0,0,,2026-07-18 07:11:07
TEA-RM-1249CDFFCB,Front fog light switch circuit,Repair Manual,Body,,,complete,3,0,3,0,1220,406.6666666666667,1,0,0,,2026-07-18 07:11:07
TEA-RM-1281AF3521,INSPECTION,Repair Manual,Body,,,complete,1,0,1,0,1121,1121.0,1,0,0,,2026-07-18 07:11:07
TEA-RM-12B741F72D,DISASSEMBLY,Repair Manual,Engine,,,complete,1,0,1,0,1104,1104.0,1,0,0,,2026-07-18 07:11:07
TEA-RM-12F777EFFD,DISASSEMBLY,Repair Manual,Brake,,,complete,1,0,1,0,1126,1126.0,1,0,0,,2026-07-18 07:11:07
TEA-RM-132415CACB,REMOVAL,Repair Manual,Suspension,,,complete,1,0,1,0,877,877.0,1,0,0,,2026-07-18 07:11:07
TEA-RM-1355A7F9EA,Sensor Power Source Circuit,Repair Manual,Steering,,,complete,2,0,2,0,1363,681.5,1,0,0,,2026-07-18 07:11:07
TEA-RM-135D0D356D,Jam protection pulse switch circuit,Repair Manual,Body,,,complete,2,0,2,0,924,462.0,1,0,0,,2026-07-18 07:11:07
TEA-RM-136472D54C,INSPECTION,Repair Manual,Steering,,,complete,1,0,1,0,1121,1121.0,1,0,0,,2026-07-18 07:11:07
TEA-RM-13D9E9BBE9,REMOVAL,Repair Manual,Engine,,,complete,1,0,1,0,637,637.0,1,0,0,,2026-07-18 07:11:07
TEA-RM-13E1F75DDD,REPLACEMENT,Repair Manual,Electrical,,,complete,1,0,1,0,550,550.0,1,0,0,,2026-07-18 07:11:07
TEA-RM-148C6827C6,INSPECTION,Repair Manual,Electrical,,,complete,1,0,1,0,537,537.0,1,0,0,,2026-07-18 07:11:07
TEA-RM-14D38CF3CB,COMPONENTS,Repair Manual,Brake,,,complete,1,0,1,0,526,526.0,1,0,0,,2026-07-18 07:11:07
TEA-RM-1536600811,SLIP Indicator Light Circuit,Repair Manual,Brake,,,pending,,,,,,,,,,,
TEA-RM-1539167DCE,10. Fuel receiver gauge does not function correctly.,Repair Manual,Engine,,,complete,2,0,2,0,1448,724.0,1,0,0,,2026-07-18 07:11:07
TEA-RM-15A97CEB52,LOCATION,Repair Manual,Electrical,,,complete,1,0,1,0,494,494.0,1,0,0,,2026-07-18 07:11:07
TEA-RM-15BEDEB6BB,REMOVAL ( 2001.12 - ) [ Only for Hong Kong ],Repair Manual,Brake,,,complete,1,0,1,0,734,734.0,1,0,0,,2026-07-18 07:11:07
TEA-RM-15F9FF3E2D,COMPONENTS,Repair Manual,Body,,,complete,1,0,1,0,723,723.0,1,0,0,,2026-07-18 07:11:07
TEA-RM-16EC9A9C2E,Water Valve Control Servomotor Circuit,Repair Manual,Engine,,,complete,3,0,3,0,1980,660.0,1,0,0,,2026-07-18 07:11:07
TEA-RM-1720842AE6,B1242 / 42,Repair Manual,General,,,complete,2,0,2,0,1156,578.0,1,0,0,,2026-07-18 07:11:07
TEA-RM-1825D3A2A7,TERMINALS OF ECU,Repair Manual,Engine,,,complete,2,0,2,0,1459,729.5,1,0,0,,2026-07-18 07:11:07
TEA-RM-188D083993,REMOVAL,Repair Manual,Suspension,,,complete,2,0,2,0,1226,613.0,1,0,0,,2026-07-18 07:11:07
TEA-RM-194E8D754B,COMPONENTS,Repair Manual,Body,,,complete,2,0,2,0,1884,942.0,1,0,0,,2026-07-18 07:11:07
TEA-RM-196139655F,REMOVAL,Repair Manual,Electrical,,,complete,1,0,1,0,413,413.0,1,0,0,,2026-07-18 07:11:07
TEA-RM-1963EEF914,INSPECTION,Repair Manual,General,,,complete,1,0,1,0,203,203.0,1,0,0,,2026-07-18 07:11:07
TEA-RM-19A6D9E4AD,RECOMMENDED TOOLS,Repair Manual,Body,,,complete,1,0,1,0,271,271.0,1,0,0,,2026-07-18 07:11:07
TEA-RM-19BD998014,DIAGNOSTIC TROUBLE CODE CHART,Repair Manual,Engine,1GZ-FE,,complete,1,0,1,0,1172,1172.0,1,0,0,,2026-07-18 07:11:07
TEA-RM-1A3A73CE43,34,Repair Manual,General,,,complete,3,0,3,0,3060,1020.0,1,0,0,,2026-07-18 07:11:07
TEA-RM-1A9AEA2A77,DISASSEMBLY,Repair Manual,Body,,,complete,1,0,1,0,173,173.0,1,0,0,,2026-07-18 07:11:07
TEA-RM-1AC0241711,INSPECTION,Repair Manual,Engine,,,complete,1,0,1,0,786,786.0,1,0,0,,2026-07-18 07:11:07
TEA-RM-1B378641B2,Door lock control switch circuit,Repair Manual,Body,,,complete,2,0,2,0,1312,656.0,1,0,0,,2026-07-18 07:11:07
TEA-RM-1B3AB65C1E,ECU Power Source Circuit,Repair Manual,Engine,,,complete,4,0,4,0,2445,611.25,1,0,0,,2026-07-18 07:11:08
TEA-RM-1B3F931D37,INSPECTION,Repair Manual,Suspension,,,complete,1,0,1,0,480,480.0,1,0,0,,2026-07-18 07:11:08
TEA-RM-1B6CBEBF6A,Power Seat Control Switch Circuit,Repair Manual,General,,,complete,2,0,2,0,1536,768.0,1,0,0,,2026-07-18 07:11:08
TEA-RM-1D0B389A6F,REPLACEMENT,Repair Manual,Body,,,complete,1,0,1,0,836,836.0,1,0,0,,2026-07-18 07:11:08
TEA-RM-1D1323351A,GENERAL INFORMATION ( 2001.12 - ) [ Only for Hong Kong ],Repair Manual,General,,,complete,4,0,4,0,5405,1351.25,1,0,0,,2026-07-18 07:11:08
TEA-RM-1DBDE995AE,TERMINALS OF ECU,Repair Manual,Engine,,,complete,6,0,6,0,12670,2111.6666666666665,1,0,0,,2026-07-18 07:11:08
TEA-RM-1E2909415A,PROBLEM SYMPTOMS TABLE,Repair Manual,Brake,,,complete,1,0,1,0,1426,1426.0,1,0,0,,2026-07-18 07:11:08
TEA-RM-1E808788A8,REASSEMBLY,Repair Manual,Body,,,complete,1,0,1,0,175,175.0,1,0,0,,2026-07-18 07:11:08
TEA-RM-1EC5EF6E61,COMPONENTS,Repair Manual,Body,,,complete,1,0,1,0,679,679.0,1,0,0,,2026-07-18 07:11:08
TEA-RM-1EE2758AE2,Tc Terminal Circuit,Repair Manual,General,,,complete,4,0,4,0,3332,833.0,1,0,0,,2026-07-18 07:11:08
TEA-RM-1FC5BC08FA,Rear Damper Servomotor Circuit,Repair Manual,General,,,complete,3,0,3,0,1772,590.6666666666666,1,0,0,,2026-07-18 07:11:08
TEA-RM-1FE9B884EA,ON-VEHICLE INSPECTION,Repair Manual,Brake,,,complete,1,0,1,0,608,608.0,1,0,0,,2026-07-18 07:11:08
TEA-RM-2013A4D684,SSM (Special Service Materials),Repair Manual,Steering,,,complete,1,0,1,0,162,162.0,1,0,0,,2026-07-18 07:11:08
TEA-RM-2116E7D97E,CUSTOMER PROBLEM ANALYSIS CHECK,Repair Manual,Body,,,complete,1,0,1,0,714,714.0,1,0,0,,2026-07-18 07:11:08
TEA-RM-21534CC9BA,PARTS LOCATION,Repair Manual,Engine,1GZ-FE,,complete,1,0,1,0,263,263.0,1,0,0,,2026-07-18 07:11:08
TEA-RM-217E201A20,COMPONENTS,Repair Manual,Brake,,,complete,1,0,1,0,624,624.0,1,0,0,,2026-07-18 07:11:08
TEA-RM-21AA5E16F6,P1760/77,Repair Manual,Transmission,,A343E,complete,4,0,4,0,3518,879.5,1,0,0,,2026-07-18 07:11:08
TEA-RM-22B1DE35DE,INSTALLATION,Repair Manual,Suspension,,,complete,1,0,1,0,1153,1153.0,1,0,0,,2026-07-18 07:11:08
TEA-RM-22E1B10622,Door unlock detection switch,Repair Manual,Body,,,complete,2,0,2,0,1166,583.0,1,0,0,,2026-07-18 07:11:08
TEA-RM-233B978239,INSTALLATION,Repair Manual,General,,,complete,1,0,1,0,1045,1045.0,1,0,0,,2026-07-18 07:11:08
TEA-RM-234BAFB88E,REASSEMBLY,Repair Manual,Body,,,complete,1,0,1,0,140,140.0,1,0,0,,2026-07-18 07:11:08
TEA-RM-238BBF2967,INSPECTION,Repair Manual,General,,,complete,1,0,1,0,235,235.0,1,0,0,,2026-07-18 07:11:08
TEA-RM-23A3819BFC,COMPONENTS,Repair Manual,Brake,,,complete,1,0,1,0,351,351.0,1,0,0,,2026-07-18 07:11:08
TEA-RM-23D6FEC1C9,B1175/97,Repair Manual,General,,,complete,4,0,4,0,3774,943.5,1,0,0,,2026-07-18 07:11:08
TEA-RM-24755D23D5,B0138/72,Repair Manual,General,,,complete,3,0,3,0,3673,1224.3333333333333,1,0,0,,2026-07-18 07:11:08
TEA-RM-24A3B77A77,PROBLEM SYMPTOMS TABLE,Repair Manual,General,,,complete,1,0,1,0,1929,1929.0,1,0,0,,2026-07-18 07:11:08
TEA-RM-24D70A06C5,Power source circuit,Repair Manual,Body,,,complete,4,0,4,0,2021,505.25,1,0,0,,2026-07-18 07:11:08
TEA-RM-24DFF472C4,CUSTOMER PROBLEM ANALYSIS CHECK,Repair Manual,Suspension,,,complete,1,0,1,0,1096,1096.0,1,0,0,,2026-07-18 07:11:08
TEA-RM-253B7F4A80,52,Repair Manual,Suspension,,,complete,1,0,1,0,1413,1413.0,1,0,0,,2026-07-18 07:11:08
TEA-RM-2566ACC546,B0116/48,Repair Manual,General,,,complete,3,0,3,0,3525,1175.0,1,0,0,,2026-07-18 07:11:08
TEA-RM-256C93BC0F,73,Repair Manual,Suspension,,,complete,2,0,2,0,1631,815.5,1,0,0,,2026-07-18 07:11:08
TEA-RM-2622B93913,Alternator circuit,Repair Manual,Engine,,,complete,2,0,2,0,858,429.0,1,0,0,,2026-07-18 07:11:08
TEA-RM-2640BD44EE,15 - 17,Repair Manual,Suspension,,,complete,6,0,6,0,5952,992.0,1,0,0,,2026-07-18 07:11:08
TEA-RM-264AA9FDDA,Jam protection limit switch circuit,Repair Manual,Body,,,complete,2,0,2,0,993,496.5,1,0,0,,2026-07-18 07:11:08
TEA-RM-2664714134,COMPONENTS,Repair Manual,Suspension,,,complete,1,0,1,0,823,823.0,1,0,0,,2026-07-18 07:11:08
TEA-RM-268923A75F,COMPONENTS,Repair Manual,Engine,,,complete,1,0,1,0,648,648.0,1,0,0,,2026-07-18 07:11:08
TEA-RM-26B97108E8,REPLACEMENT,Repair Manual,Electrical,,,complete,1,0,1,0,1069,1069.0,1,0,0,,2026-07-18 07:11:08
TEA-RM-26FB4200DE,82,Repair Manual,Suspension,,,complete,3,0,3,0,1940,646.6666666666666,1,0,0,,2026-07-18 07:11:08
TEA-RM-2700F80671,REMOVAL,Repair Manual,General,,,complete,1,0,1,0,665,665.0,1,0,0,,2026-07-18 07:11:08
TEA-RM-272BB5A75E,HOW TO PROCEED WITH TROUBLESHOOTING,Repair Manual,General,,,complete,1,0,1,0,905,905.0,1,0,0,,2026-07-18 07:11:08
TEA-RM-275E1800BA,LUBRICANT,Repair Manual,General,,,complete,1,0,1,0,274,274.0,1,0,0,,2026-07-18 07:11:08
TEA-RM-278972B89E,DISASSEMBLY,Repair Manual,Brake,,,complete,2,0,2,0,1366,683.0,1,0,0,,2026-07-18 07:11:08
TEA-RM-27EB2F9E1B,B0112/41,Repair Manual,General,,,complete,3,0,3,0,3705,1235.0,1,0,0,,2026-07-18 07:11:08
TEA-RM-27F2EC3499,B0137/71,Repair Manual,General,,,complete,3,0,3,0,3629,1209.6666666666667,1,0,0,,2026-07-18 07:11:08
TEA-RM-2844F7106E,SSM (Special Service Materials),Repair Manual,Suspension,,,complete,1,0,1,0,412,412.0,1,0,0,,2026-07-18 07:11:08
TEA-RM-285F01309C,REMOVAL,Repair Manual,Suspension,,,complete,1,0,1,0,424,424.0,1,0,0,,2026-07-18 07:11:08
TEA-RM-2895D6BD0A,RECOMMENDED TOOLS,Repair Manual,General,,,complete,1,0,1,0,287,287.0,1,0,0,,2026-07-18 07:11:08
TEA-RM-28B667111F,Indicator Light Circuit,Repair Manual,Engine,1GZ-FE,,complete,2,0,2,0,1058,529.0,1,0,0,,2026-07-18 07:11:08
TEA-RM-28C0FA301A,PRECAUTION,Repair Manual,Transmission,,A343E,complete,1,0,1,0,241,241.0,1,0,0,,2026-07-18 07:11:09
TEA-RM-2945FC5B3D,CUSTOMER PROBLEM ANALYSIS CHECK,Repair Manual,Body,,,complete,1,0,1,0,708,708.0,1,0,0,,2026-07-18 07:11:09
TEA-RM-2A69C97514,COMPONENTS,Repair Manual,Engine,,,complete,1,0,1,0,500,500.0,1,0,0,,2026-07-18 07:11:09
TEA-RM-2ACF0FC061,COMPONENTS,Repair Manual,Chassis,,,complete,2,0,2,0,924,462.0,1,0,0,,2026-07-18 07:11:09
TEA-RM-2B10192458,PRECAUTION,Repair Manual,General,,,complete,2,0,2,0,1961,980.5,1,0,0,,2026-07-18 07:11:09
TEA-RM-2B196470C5,B0133/62,Repair Manual,General,,,complete,3,0,3,0,3664,1221.3333333333333,1,0,0,,2026-07-18 07:11:09
TEA-RM-2B3CE23E7B,PROBLEM SYMPTOMS TABLE,Repair Manual,Steering,,,complete,1,0,1,0,1380,1380.0,1,0,0,,2026-07-18 07:11:09
TEA-RM-2B4AE4EE35,DISASSEMBLY,Repair Manual,Body,,,complete,7,0,7,0,5160,737.1428571428571,1,0,0,,2026-07-18 07:11:09
TEA-RM-2B9D7895D9,Back-up light circuit,Repair Manual,General,,,complete,2,0,2,0,967,483.5,1,0,0,,2026-07-18 07:11:09
TEA-RM-2BA75CA063,REASSEMBLY,Repair Manual,Engine,,,complete,1,0,1,0,251,251.0,1,0,0,,2026-07-18 07:11:09
TEA-RM-2BAC8DC8B7,REMOVAL,Repair Manual,Body,,,complete,3,0,3,0,2561,853.6666666666666,1,0,0,,2026-07-18 07:11:09
TEA-RM-2C0135959A,COMPONENTS,Repair Manual,Electrical,,,complete,1,0,1,0,412,412.0,1,0,0,,2026-07-18 07:11:09
TEA-RM-2C2BC46A6E,ON-VEHICLE REPAIR,Repair Manual,Transmission,,A343E,complete,3,0,3,0,2375,791.6666666666666,1,0,0,,2026-07-18 07:11:09
TEA-RM-2C948E1797,ON-VEHICLE REPAIR,Repair Manual,Transmission,,A343E,complete,1,0,1,0,573,573.0,1,0,0,,2026-07-18 07:11:09
TEA-RM-2CA1E84734,Light control switch circuit,Repair Manual,Body,,,complete,3,0,3,0,1344,448.0,1,0,0,,2026-07-18 07:11:09
TEA-RM-2CAED5EDD5,B1263 / 63,Repair Manual,General,,,complete,2,0,2,0,1422,711.0,1,0,0,,2026-07-18 07:11:09
TEA-RM-2CB32EF5AB,HOW TO PROCEED WITH TROUBLESHOOTING,Repair Manual,Engine,,,complete,10,0,10,0,18049,1804.9,1,0,0,,2026-07-18 07:11:09
TEA-RM-2D330B8A64,INSTALLATION,Repair Manual,Body,,,complete,2,0,2,0,2143,1071.5,1,0,0,,2026-07-18 07:11:09
TEA-RM-2D389C4F42,HOW TO PROCEED WITH TROUBLESHOOTING,Repair Manual,Brake,,,pending,,,,,,,,,,,
TEA-RM-2D6D8E5010,Door lock motor circuit,Repair Manual,Body,,,complete,2,0,2,0,939,469.5,1,0,0,,2026-07-18 07:11:09
TEA-RM-2D804677F0,LOCATION,Repair Manual,Electrical,,,complete,1,0,1,0,645,645.0,1,0,0,,2026-07-18 07:11:09
TEA-RM-2D9EBD6734,INSTALLATION,Repair Manual,Engine,,,complete,1,0,1,0,144,144.0,1,0,0,,2026-07-18 07:11:09
TEA-RM-2DB90B5400,REMOVAL,Repair Manual,General,,,complete,2,0,2,0,2124,1062.0,1,0,0,,2026-07-18 07:11:09
TEA-RM-2DF3936A45,INSTALLATION,Repair Manual,Suspension,,,complete,1,0,1,0,1147,1147.0,1,0,0,,2026-07-18 07:11:09
TEA-RM-2E36FEF6AC,TORQUE SPECIFICATION,Repair Manual,Brake,,,complete,1,0,1,0,1268,1268.0,1,0,0,,2026-07-18 07:11:09
TEA-RM-2E3E3A873E,COMPONENTS,Repair Manual,Body,,,complete,1,0,1,0,971,971.0,1,0,0,,2026-07-18 07:11:09
TEA-RM-2E6A65D25E,INSPECTION,Repair Manual,Electrical,,,complete,1,0,1,0,753,753.0,1,0,0,,2026-07-18 07:11:09
TEA-RM-2E6C325500,INSPECTION,Repair Manual,Body,,,complete,1,0,1,0,1041,1041.0,1,0,0,,2026-07-18 07:11:09
TEA-RM-2EFB792318,INSPECTION,Repair Manual,Body,,,complete,2,0,2,0,2450,1225.0,1,0,0,,2026-07-18 07:11:09
TEA-RM-2F277B94C0,GENERAL INFORMATION,Repair Manual,Engine,,,complete,1,0,1,0,2403,2403.0,1,0,0,,2026-07-18 07:11:09
TEA-RM-2F34D26F56,B1243 / 43,Repair Manual,General,,,complete,2,0,2,0,877,438.5,1,0,0,,2026-07-18 07:11:09
TEA-RM-2F654E4143,B1265 / 65,Repair Manual,General,,,complete,2,0,2,0,1507,753.5,1,0,0,,2026-07-18 07:11:09
TEA-RM-2F9ED2E9FF,LUBRICANT,Repair Manual,Transmission,,A343E,complete,1,0,1,0,273,273.0,1,0,0,,2026-07-18 07:11:09
TEA-RM-2FB49312BB,REMOVAL,Repair Manual,Electrical,,,complete,2,0,2,0,2163,1081.5,1,0,0,,2026-07-18 07:11:09
TEA-RM-2FDC7898BC,REMOVAL,Repair Manual,Brake,,,complete,1,0,1,0,547,547.0,1,0,0,,2026-07-18 07:11:09
TEA-RM-2FFADC96A0,LOCATION,Repair Manual,Electrical,,,complete,3,0,3,0,920,306.6666666666667,1,0,0,,2026-07-18 07:11:09
TEA-RM-310E369F23,INSTALLATION,Repair Manual,Suspension,,,complete,1,0,1,0,429,429.0,1,0,0,,2026-07-18 07:11:09
TEA-RM-3173516FF0,SST (Special Service Tools),Repair Manual,Steering,,,complete,4,0,4,0,1989,497.25,1,0,0,,2026-07-18 07:11:09
TEA-RM-31A7D7E080,B0101/14,Repair Manual,General,,,complete,4,0,4,0,4383,1095.75,1,0,0,,2026-07-18 07:11:09
TEA-RM-31B1A5C0CD,INSTALLATION,Repair Manual,Engine,,,complete,1,0,1,0,145,145.0,1,0,0,,2026-07-18 07:11:09
TEA-RM-31BC4FB33C,PRE-CHECK,Repair Manual,General,,,complete,5,0,5,0,3730,746.0,1,0,0,,2026-07-18 07:11:09
TEA-RM-31EB2C1EA1,Rear Magnetic Valve Circuit,Repair Manual,Engine,,,complete,2,0,2,0,1582,791.0,1,0,0,,2026-07-18 07:11:09
TEA-RM-31FF1BB88B,PARTS LOCATION,Repair Manual,Body,,,complete,1,0,1,0,352,352.0,1,0,0,,2026-07-18 07:11:09
TEA-RM-320DD2DCE2,Kick-down Switch Circuit,Repair Manual,Transmission,,A343E,complete,3,0,3,0,2173,724.3333333333334,1,0,0,,2026-07-18 07:11:09
TEA-RM-326DD62206,HOW TO DETERMINE NUT STRENGTH,Repair Manual,General,,,complete,1,0,1,0,615,615.0,1,0,0,,2026-07-18 07:11:09
TEA-RM-3270B4366D,15,Repair Manual,General,,,complete,3,0,3,0,2045,681.6666666666666,1,0,0,,2026-07-18 07:11:09
TEA-RM-327BFE0340,LOCATION,Repair Manual,Body,,,complete,2,0,2,0,677,338.5,1,0,0,,2026-07-18 07:11:10
TEA-RM-32B7048544,Smoke Sensor Circuit,Repair Manual,General,,,complete,2,0,2,0,1219,609.5,1,0,0,,2026-07-18 07:11:10
TEA-RM-32F76578B8,INSPECTION,Repair Manual,Electrical,,,complete,1,0,1,0,413,413.0,1,0,0,,2026-07-18 07:11:10
TEA-RM-32FBCBFE07,LOCATION,Repair Manual,Body,,,complete,1,0,1,0,631,631.0,1,0,0,,2026-07-18 07:11:10
TEA-RM-330C50224A,PARTS LOCATION,Repair Manual,Brake,,,complete,1,0,1,0,361,361.0,1,0,0,,2026-07-18 07:11:10
TEA-RM-330CCBA2C6,B1266 / 66,Repair Manual,General,,,complete,9,0,9,0,5707,634.1111111111111,1,0,0,,2026-07-18 07:11:10
TEA-RM-33455914EA,INSTALLATION,Repair Manual,Electrical,,,complete,1,0,1,0,150,150.0,1,0,0,,2026-07-18 07:11:10
TEA-RM-339ABC93A5,B1268 / 68,Repair Manual,General,,,complete,3,0,3,0,1867,622.3333333333334,1,0,0,,2026-07-18 07:11:10
TEA-RM-33BA6787A5,INSTALLATION,Repair Manual,Suspension,,,complete,1,0,1,0,546,546.0,1,0,0,,2026-07-18 07:11:10
TEA-RM-33BEEC9431,7. Speedometer remains at 0 km/h (0 mph) position.,Repair Manual,Electrical,,,complete,2,0,2,0,1089,544.5,1,0,0,,2026-07-18 07:11:10
TEA-RM-33F0433F5E,SPECIFIED TORQUE FOR STANDARD BOLTS,Repair Manual,General,,,complete,1,0,1,0,1330,1330.0,1,0,0,,2026-07-18 07:11:10
TEA-RM-33F95B490B,TERMINALS OF ECU,Repair Manual,Engine,,,complete,3,0,3,0,799,266.3333333333333,1,0,0,,2026-07-18 07:11:10
TEA-RM-3545E4ACE4,Fuel lid opener switch circuit,Repair Manual,Engine,,,complete,2,0,2,0,600,300.0,1,0,0,,2026-07-18 07:11:10
TEA-RM-355A638E00,ACC Power Source Circuit,Repair Manual,General,,,complete,2,0,2,0,1318,659.0,1,0,0,,2026-07-18 07:11:10
TEA-RM-357472A947,INSPECTION,Repair Manual,Brake,,,complete,2,0,2,0,2599,1299.5,1,0,0,,2026-07-18 07:11:10
TEA-RM-35CC875BCB,Power source circuit,Repair Manual,Body,,,complete,4,0,4,0,2087,521.75,1,0,0,,2026-07-18 07:11:10
TEA-RM-360F77B48F,TERMINALS OF ECU,Repair Manual,Steering,,,complete,1,0,1,0,2390,2390.0,1,0,0,,2026-07-18 07:11:10
TEA-RM-3650B42DCC,C0200 / 31 - C1239 / 39,Repair Manual,Brake,,,complete,7,0,7,0,6851,978.7142857142857,1,0,0,,2026-07-18 07:11:10
TEA-RM-36B8ED2F38,Engine and ECT ECU communication circuit,Repair Manual,Engine,1GZ-FE,,complete,2,0,2,0,911,455.5,1,0,0,,2026-07-18 07:11:10
TEA-RM-36F332D7A4,DISASSEMBLY,Repair Manual,Transmission,,A343E,complete,3,0,3,0,3113,1037.6666666666667,1,0,0,,2026-07-18 07:11:10
TEA-RM-378FA8EA90,HOW TO PROCEED WITH TROUBLESHOOTING,Repair Manual,Electrical,,,complete,1,0,1,0,1021,1021.0,1,0,0,,2026-07-18 07:11:10
TEA-RM-37942640F8,"C1231 / 31, C1335 / 35",Repair Manual,Brake,,,complete,3,0,3,0,2953,984.3333333333334,1,0,0,,2026-07-18 07:11:10
TEA-RM-37D523E173,INSPECTION,Repair Manual,Body,,,complete,6,0,6,0,5958,993.0,1,0,0,,2026-07-18 07:11:10
TEA-RM-37DB281E3C,COMPONENTS,Repair Manual,Body,,,complete,4,0,4,0,2636,659.0,1,0,0,,2026-07-18 07:11:10
TEA-RM-37E1EF3730,INSPECTION,Repair Manual,Body,,,complete,1,0,1,0,1040,1040.0,1,0,0,,2026-07-18 07:11:10
TEA-RM-3819E95437,INSPECTION,Repair Manual,Electrical,,,complete,1,0,1,0,140,140.0,1,0,0,,2026-07-18 07:11:10
TEA-RM-381ED60C99,DISPOSAL,Repair Manual,Electrical,,,complete,6,0,6,0,8836,1472.6666666666667,1,0,0,,2026-07-18 07:11:10
TEA-RM-3882AA8AFE,TERMINALS OF ECU,Repair Manual,Engine,,,complete,2,0,2,0,4501,2250.5,1,0,0,,2026-07-18 07:11:10
TEA-RM-38C3B4FEA1,HOW TO PROCEED WITH TROUBLESHOOTING,Repair Manual,Transmission,,A343E,complete,1,0,1,0,1426,1426.0,1,0,0,,2026-07-18 07:11:10
TEA-RM-38DA886C75,DISASSEMBLY,Repair Manual,Body,,,complete,5,0,5,0,6418,1283.6,1,0,0,,2026-07-18 07:11:10
TEA-RM-392DAED322,VEHICLE LIFT AND SUPPORT LOCATIONS ( 2001.12 - ) [ Only for Hong Kong ],Repair Manual,General,,,pending,,,,,,,,,,,
TEA-RM-393396E22B,17. No indication of blown bulb even if rear combination light bulb has been blown.,Repair Manual,Electrical,,,pending,,,,,,,,,,,
TEA-RM-393FCD54BB,PARTS LOCATION,Repair Manual,Body,,,complete,1,0,1,0,353,353.0,1,0,0,,2026-07-18 07:11:10
TEA-RM-3942935E0F,Jam protection limit switch circuit,Repair Manual,Body,,,complete,2,0,2,0,994,497.0,1,0,0,,2026-07-18 07:11:10
TEA-RM-398C561D14,INSTALLATION,Repair Manual,Steering,,,complete,2,0,2,0,1986,993.0,1,0,0,,2026-07-18 07:11:10
TEA-RM-39ABF37C14,TORQUE SPECIFICATION,Repair Manual,General,,,complete,1,0,1,0,824,824.0,1,0,0,,2026-07-18 07:11:10
TEA-RM-39E4660446,Jam protection pulse switch circuit,Repair Manual,Body,,,complete,2,0,2,0,912,456.0,1,0,0,,2026-07-18 07:11:10
TEA-RM-39E898FFF1,INSTALLATION,Repair Manual,Body,,,complete,1,0,1,0,134,134.0,1,0,0,,2026-07-18 07:11:10
TEA-RM-3A4346AD30,INSTALLATION,Repair Manual,General,,,complete,1,0,1,0,169,169.0,1,0,0,,2026-07-18 07:11:10
TEA-RM-3A4C76284C,REPLACEMENT,Repair Manual,Steering,,,complete,4,0,4,0,4053,1013.25,1,0,0,,2026-07-18 07:11:10
TEA-RM-3A7800566A,CUSTOMER PROBLEM ANALYSIS CHECK,Repair Manual,General,,,complete,1,0,1,0,979,979.0,1,0,0,,2026-07-18 07:11:10
TEA-RM-3A78BC860C,LOCATION,Repair Manual,Engine,1GZ-FE,,complete,1,0,1,0,241,241.0,1,0,0,,2026-07-18 07:11:10
TEA-RM-3A8524741F,LOCATION,Repair Manual,General,,,complete,3,0,3,0,710,236.66666666666666,1,0,0,,2026-07-18 07:11:10
TEA-RM-3A8D3624C7,COMPONENTS,Repair Manual,Electrical,,,complete,5,0,5,0,1641,328.2,1,0,0,,2026-07-18 07:11:10
TEA-RM-3AA055C130,PWS circuit,Repair Manual,Body,,,complete,2,0,2,0,711,355.5,1,0,0,,2026-07-18 07:11:10
TEA-RM-3AA6BFE6BF,RECOMMENDED TOOLS,Repair Manual,Body,,,complete,1,0,1,0,408,408.0,1,0,0,,2026-07-18 07:11:10
TEA-RM-3B17370B50,INSTALLATION,Repair Manual,Electrical,,,complete,1,0,1,0,1829,1829.0,1,0,0,,2026-07-18 07:11:10
TEA-RM-3C2A9F21D3,REASSEMBLY,Repair Manual,Brake,,,complete,1,0,1,0,241,241.0,1,0,0,,2026-07-18 07:11:10
TEA-RM-3C3A74AC84,INSPECTION,Repair Manual,General,,,complete,1,0,1,0,257,257.0,1,0,0,,2026-07-18 07:11:11
TEA-RM-3C9D18F207,ON-VEHICLE REPAIR,Repair Manual,Transmission,,A343E,complete,1,0,1,0,753,753.0,1,0,0,,2026-07-18 07:11:11
TEA-RM-3CAB3799ED,B0108/52,Repair Manual,General,,,complete,3,0,3,0,3635,1211.6666666666667,1,0,0,,2026-07-18 07:11:11
TEA-RM-3CBAA1D10B,LOCATION,Repair Manual,Body,,,complete,1,0,1,0,318,318.0,1,0,0,,2026-07-18 07:11:11
TEA-RM-3CD989B0EA,PROBLEM SYMPTOMS TABLE,Repair Manual,Body,,,complete,3,0,3,0,5082,1694.0,1,0,0,,2026-07-18 07:11:11
TEA-RM-3D4476FD1A,P1765/46,Repair Manual,Transmission,,A343E,complete,4,0,4,0,3393,848.25,1,0,0,,2026-07-18 07:11:11
TEA-RM-3D4830AE04,DIAGNOSTIC TROUBLE CODE CHART,Repair Manual,General,,,complete,3,0,3,0,5959,1986.3333333333333,1,0,0,,2026-07-18 07:11:11
TEA-RM-3DCFAC57A0,GENERAL INFORMATION,Repair Manual,General,,,complete,2,0,2,0,3585,1792.5,1,0,0,,2026-07-18 07:11:11
TEA-RM-3E2B378AC9,Driver buckle switch circuit,Repair Manual,Body,,,complete,2,0,2,0,709,354.5,1,0,0,,2026-07-18 07:11:11
TEA-RM-3EC5946C5D,Door key lock and unlock switch circuit,Repair Manual,Body,,,complete,3,0,3,0,1425,475.0,1,0,0,,2026-07-18 07:11:11
TEA-RM-3ED4A55FC0,REASSEMBLY,Repair Manual,Chassis,,,complete,11,0,11,0,13764,1251.2727272727273,1,0,0,,2026-07-18 07:11:11
TEA-RM-3EFD84B29A,REPLACEMENT,Repair Manual,Electrical,,,complete,1,0,1,0,501,501.0,1,0,0,,2026-07-18 07:11:11
TEA-RM-3F07285BB8,B0105/53,Repair Manual,General,,,complete,4,0,4,0,3637,909.25,1,0,0,,2026-07-18 07:11:11
TEA-RM-3F9A2EC73A,HOW TO PROCEED WITH TROUBLESHOOTING,Repair Manual,Body,,,complete,1,0,1,0,998,998.0,1,0,0,,2026-07-18 07:11:11
TEA-RM-3FA8ED1F19,CUSTOMER PROBLEM ANALYSIS CHECK,Repair Manual,Brake,,,pending,,,,,,,,,,,
TEA-RM-3FAA2548E8,REASSEMBLY,Repair Manual,General,,,complete,5,0,5,0,4189,837.8,1,0,0,,2026-07-18 07:11:11
TEA-RM-3FC71AB573,INSTALLATION,Repair Manual,Body,,,complete,1,0,1,0,141,141.0,1,0,0,,2026-07-18 07:11:11
TEA-RM-3FCA76A28D,12. Multi-information display continuously indicates a warning.,Repair Manual,Electrical,,,complete,2,0,2,0,879,439.5,1,0,0,,2026-07-18 07:11:11
TEA-RM-4001B8DC08,REMOVAL,Repair Manual,Steering,,,complete,1,0,1,0,923,923.0,1,0,0,,2026-07-18 07:11:11
TEA-RM-4018AB739F,COMPONENTS,Repair Manual,Suspension,,,complete,1,0,1,0,483,483.0,1,0,0,,2026-07-18 07:11:11
TEA-RM-41719D55E9,VEHICLE IDENTIFICATION AND ENGINE SERIAL NUMBER,Repair Manual,Engine,1GZ-FE,,complete,1,0,1,0,539,539.0,1,0,0,,2026-07-18 07:11:11
TEA-RM-427E909388,15. Rear fog light indicator does not turn on.,Repair Manual,Electrical,,,complete,2,0,2,0,775,387.5,1,0,0,,2026-07-18 07:11:11
TEA-RM-4293D3DA1C,REMOVAL,Repair Manual,Body,,,complete,2,0,2,0,1607,803.5,1,0,0,,2026-07-18 07:11:11
TEA-RM-429D15D0E3,SST (Special Service Tools),Repair Manual,Body,,,complete,1,0,1,0,213,213.0,1,0,0,,2026-07-18 07:11:11
TEA-RM-4307733AF2,COMPONENTS,Repair Manual,Transmission,,A343E,complete,1,0,1,0,591,591.0,1,0,0,,2026-07-18 07:11:11
TEA-RM-44026BD72E,LOCATION,Repair Manual,Transmission,,A343E,complete,1,0,1,0,252,252.0,1,0,0,,2026-07-18 07:11:11
TEA-RM-446EC8A7F4,Ts Terminal Circuit,Repair Manual,Brake,,,complete,2,0,2,0,1276,638.0,1,0,0,,2026-07-18 07:11:11
TEA-RM-452D82C974,CUSTOMER PROBLEM ANALYSIS CHECK,Repair Manual,Engine,1GZ-FE,,complete,1,0,1,0,667,667.0,1,0,0,,2026-07-18 07:11:11
TEA-RM-4539E33F80,RECOMMENDED TOOLS,Repair Manual,Brake,,,complete,1,0,1,0,154,154.0,1,0,0,,2026-07-18 07:11:11
TEA-RM-45968C2346,INSPECTION,Repair Manual,Electrical,,,complete,1,0,1,0,1890,1890.0,1,0,0,,2026-07-18 07:11:11
TEA-RM-45AC2A40A9,PARTS LOCATION,Repair Manual,Body,,,complete,2,0,2,0,985,492.5,1,0,0,,2026-07-18 07:11:11
TEA-RM-4606125B50,PRECAUTION,Repair Manual,Steering,,,complete,1,0,1,0,664,664.0,1,0,0,,2026-07-18 07:11:11
TEA-RM-464738C249,GENERAL INFORMATION ( 2001.12 - ) [ Only for Hong Kong ],Repair Manual,General,,,complete,2,0,2,0,3593,1796.5,1,0,0,,2026-07-18 07:11:11
TEA-RM-465EE04125,Tc Terminal Circuit,Repair Manual,Brake,,,complete,2,0,2,0,1588,794.0,1,0,0,,2026-07-18 07:11:11
TEA-RM-469AA20DA4,SST (Special Service Tools) ( 2001.12 - ) [ Only for Hong Kong ],Repair Manual,Body,,,complete,1,0,1,0,141,141.0,1,0,0,,2026-07-18 07:11:11
TEA-RM-46C01C53AA,DISASSEMBLY,Repair Manual,Suspension,,,complete,2,0,2,0,1370,685.0,1,0,0,,2026-07-18 07:11:11
TEA-RM-470DA2FCF4,INSTALLATION,Repair Manual,Engine,,,complete,1,0,1,0,734,734.0,1,0,0,,2026-07-18 07:11:12
TEA-RM-4727F42B7D,COMPONENTS,Repair Manual,Suspension,,,complete,1,0,1,0,350,350.0,1,0,0,,2026-07-18 07:11:12
TEA-RM-47518E91D2,INSTALLATION,Repair Manual,General,,,complete,1,0,1,0,515,515.0,1,0,0,,2026-07-18 07:11:12
TEA-RM-47C3BECC4D,P0710/38,Repair Manual,Transmission,,A343E,complete,2,0,2,0,1468,734.0,1,0,0,,2026-07-18 07:11:12
TEA-RM-47DD65F7E4,Diagnosis Circuit,Repair Manual,Body,,,complete,2,0,2,0,870,435.0,1,0,0,,2026-07-18 07:11:12
TEA-RM-47EB2C207D,PRE-CHECK,Repair Manual,General,,,complete,4,0,4,0,5516,1379.0,1,0,0,,2026-07-18 07:11:12
TEA-RM-480A3A13EF,Check for Fluid Leakage,Repair Manual,Brake,,,complete,1,0,1,0,158,158.0,1,0,0,,2026-07-18 07:11:12
TEA-RM-489C64497A,DIAGNOSTIC TROUBLE CODE CHART,Repair Manual,Suspension,,,complete,2,0,2,0,5045,2522.5,1,0,0,,2026-07-18 07:11:12
TEA-RM-48E12C7A72,HOW TO PROCEED WITH TROUBLESHOOTING,Repair Manual,Engine,1GZ-FE,,complete,1,0,1,0,879,879.0,1,0,0,,2026-07-18 07:11:12
TEA-RM-4947C322BE,REASSEMBLY,Repair Manual,Electrical,,,complete,1,0,1,0,150,150.0,1,0,0,,2026-07-18 07:11:12
TEA-RM-496827FF24,INSPECTION,Repair Manual,Chassis,,,complete,4,0,4,0,4683,1170.75,1,0,0,,2026-07-18 07:11:12
TEA-RM-4986BC605E,PARTS LOCATION,Repair Manual,Suspension,,,complete,2,0,2,0,1347,673.5,1,0,0,,2026-07-18 07:11:12
TEA-RM-499FCDE794,COMPONENTS,Repair Manual,Transmission,,A343E,complete,2,0,2,0,1615,807.5,1,0,0,,2026-07-18 07:11:12
TEA-RM-4A87B74A1D,LOCATION,Repair Manual,Electrical,,,complete,1,0,1,0,751,751.0,1,0,0,,2026-07-18 07:11:12
TEA-RM-4B12C837DB,DISASSEMBLY,Repair Manual,General,,,complete,5,0,5,0,2963,592.6,1,0,0,,2026-07-18 07:11:12
TEA-RM-4B96F1D2FB,INSTALLATION,Repair Manual,Brake,,,complete,1,0,1,0,595,595.0,1,0,0,,2026-07-18 07:11:12
TEA-RM-4BC0280622,PROBLEM SYMPTOMS TABLE,Repair Manual,Body,,,complete,12,0,12,0,22777,1898.0833333333333,1,0,0,,2026-07-18 07:11:12
TEA-RM-4BDD2F8607,ON-VEHICLE INSPECTION,Repair Manual,General,,,complete,1,0,1,0,154,154.0,1,0,0,,2026-07-18 07:11:12
TEA-RM-4BFF81CD24,21,Repair Manual,General,,,complete,3,0,3,0,2525,841.6666666666666,1,0,0,,2026-07-18 07:11:12
TEA-RM-4C20ECA002,INSPECTION,Repair Manual,Steering,,,complete,3,0,3,0,2483,827.6666666666666,1,0,0,,2026-07-18 07:11:12
TEA-RM-4C5323F88C,PARTS LOCATION,Repair Manual,Electrical,,,complete,1,0,1,0,259,259.0,1,0,0,,2026-07-18 07:11:13
TEA-RM-4CC3D0162E,INSTALLATION,Repair Manual,Engine,,,complete,1,0,1,0,1542,1542.0,1,0,0,,2026-07-18 07:11:13
TEA-RM-4CF6B84DAF,REMOVAL,Repair Manual,Engine,,,complete,1,0,1,0,747,747.0,1,0,0,,2026-07-18 07:11:13
TEA-RM-4D0C53E533,TORQUE SPECIFICATION,Repair Manual,Steering,,,complete,1,0,1,0,1362,1362.0,1,0,0,,2026-07-18 07:11:13
TEA-RM-4D3D75645A,DISPOSAL,Repair Manual,Engine,,,complete,1,0,1,0,418,418.0,1,0,0,,2026-07-18 07:11:13
TEA-RM-4D84752953,SSM (Special Service Materials),Repair Manual,Body,,,complete,1,0,1,0,240,240.0,1,0,0,,2026-07-18 07:11:13
TEA-RM-4DA9B76099,COMPONENTS,Repair Manual,Body,,,complete,2,0,2,0,2829,1414.5,1,0,0,,2026-07-18 07:11:13
TEA-RM-4DB4371819,PRE-CHECK,Repair Manual,Electrical,,,complete,5,0,5,0,5255,1051.0,1,0,0,,2026-07-18 07:11:13
TEA-RM-4DD96FE2C2,41,Repair Manual,Brake,,,complete,3,0,3,0,2549,849.6666666666666,1,0,0,,2026-07-18 07:11:13
TEA-RM-4E7AF6153F,INSTALLATION,Repair Manual,Brake,,,complete,1,0,1,0,213,213.0,1,0,0,,2026-07-18 07:11:13
TEA-RM-4EA8072C7E,CUSTOMER PROBLEM ANALYSIS CHECK,Repair Manual,Transmission,,A343E,complete,1,0,1,0,892,892.0,1,0,0,,2026-07-18 07:11:13
TEA-RM-4EC8181C60,INSTALLATION,Repair Manual,Engine,,,complete,1,0,1,0,1723,1723.0,1,0,0,,2026-07-18 07:11:13
TEA-RM-4F63C538F6,31 - 34,Repair Manual,Brake,,,complete,5,0,5,0,5052,1010.4,1,0,0,,2026-07-18 07:11:13
TEA-RM-4F7AC27248,HOW TO DETERMINE BOLT STRENGTH,Repair Manual,General,,,complete,1,0,1,0,299,299.0,1,0,0,,2026-07-18 07:11:13
TEA-RM-4FC9C2C7C7,TERMINALS OF ECU,Repair Manual,Engine,,,complete,2,0,2,0,2717,1358.5,1,0,0,,2026-07-18 07:11:13
TEA-RM-50D1A851F2,INSPECTION,Repair Manual,Body,,,complete,1,0,1,0,1000,1000.0,1,0,0,,2026-07-18 07:11:13
TEA-RM-50F245F2D9,ON-VEHICLE INSPECTION,Repair Manual,General,,,complete,1,0,1,0,257,257.0,1,0,0,,2026-07-18 07:11:13
TEA-RM-510B26BE03,INSPECTION,Repair Manual,Suspension,,,complete,1,0,1,0,546,546.0,1,0,0,,2026-07-18 07:11:13
TEA-RM-5147A259E3,INSPECTION,Repair Manual,Body,,,complete,1,0,1,0,1723,1723.0,1,0,0,,2026-07-18 07:11:13
TEA-RM-5223FF1366,Key unlock warning switch circuit,Repair Manual,Engine,1GZ-FE,,complete,2,0,2,0,925,462.5,1,0,0,,2026-07-18 07:11:13
TEA-RM-5224CDD7F7,B1231 / 31,Repair Manual,General,,,complete,1,0,1,0,964,964.0,1,0,0,,2026-07-18 07:11:13
TEA-RM-522FE0317F,INSTALLATION,Repair Manual,Steering,,,complete,2,0,2,0,3300,1650.0,1,0,0,,2026-07-18 07:11:13
TEA-RM-5236EFA023,ABBREVIATIONS USED IN THIS MANUAL,Repair Manual,General,,,complete,3,0,3,0,3204,1068.0,1,0,0,,2026-07-18 07:11:13
TEA-RM-528189FC11,11,Repair Manual,General,,,complete,3,0,3,0,1997,665.6666666666666,1,0,0,,2026-07-18 07:11:13
TEA-RM-52B31B4D01,Key Unlock Warning Switch Circuit,Repair Manual,Steering,,,complete,2,0,2,0,1539,769.5,1,0,0,,2026-07-18 07:11:13
TEA-RM-52F381A2A3,SST (Special Service Tools) ( 2001.12 - ) [ Only for Hong Kong ],Repair Manual,Brake,,,complete,1,0,1,0,139,139.0,1,0,0,,2026-07-18 07:11:13
TEA-RM-531DB7029D,TROUBLESHOOTING,Repair Manual,Electrical,,,complete,5,0,5,0,9574,1914.8,1,0,0,,2026-07-18 07:11:13
TEA-RM-5357317356,ON-VEHICLE INSPECTION,Repair Manual,General,,,complete,1,0,1,0,1155,1155.0,1,0,0,,2026-07-18 07:11:13
TEA-RM-540E4127E4,ON-VEHICLE REPAIR,Repair Manual,Transmission,,A343E,complete,2,0,2,0,1567,783.5,1,0,0,,2026-07-18 07:11:13
TEA-RM-54FFB3DC20,EQUIPMENT,Repair Manual,Brake,,,complete,1,0,1,0,151,151.0,1,0,0,,2026-07-18 07:11:13
TEA-RM-552A1388AF,C1243 / 43 - C1245 / 45,Repair Manual,Brake,,,complete,5,0,5,0,4344,868.8,1,0,0,,2026-07-18 07:11:13
TEA-RM-5543E03365,INSTALLATION,Repair Manual,General,,,complete,1,0,1,0,146,146.0,1,0,0,,2026-07-18 07:11:14
TEA-RM-557E823531,SST (Special Service Tools),Repair Manual,General,,,complete,1,0,1,0,257,257.0,1,0,0,,2026-07-18 07:11:14
TEA-RM-55C14B4B45,INSTALLATION,Repair Manual,Body,,,complete,1,0,1,0,139,139.0,1,0,0,,2026-07-18 07:11:14
TEA-RM-55D562C9EE,B1264 / 64,Repair Manual,General,,,complete,2,0,2,0,1477,738.5,1,0,0,,2026-07-18 07:11:14
TEA-RM-5611C012BF,REMOVAL,Repair Manual,General,,,complete,1,0,1,0,1235,1235.0,1,0,0,,2026-07-18 07:11:14
TEA-RM-561CF1DDE4,REMOVAL,Repair Manual,Suspension,,,complete,1,0,1,0,232,232.0,1,0,0,,2026-07-18 07:11:14
TEA-RM-56249C5697,REMOVAL,Repair Manual,General,,,complete,1,0,1,0,523,523.0,1,0,0,,2026-07-18 07:11:14
TEA-RM-562F9CCC4A,EQUIPMENT,Repair Manual,Body,,,complete,1,0,1,0,722,722.0,1,0,0,,2026-07-18 07:11:14
TEA-RM-5640EA29EC,42,Repair Manual,General,,,complete,3,0,3,0,2397,799.0,1,0,0,,2026-07-18 07:11:14
TEA-RM-56756284B8,INSTALLATION,Repair Manual,Transmission,,A343E,complete,4,0,4,0,3748,937.0,1,0,0,,2026-07-18 07:11:14
TEA-RM-568997C842,SERVICE DATA,Repair Manual,Steering,,,complete,1,0,1,0,1329,1329.0,1,0,0,,2026-07-18 07:11:14
TEA-RM-568B1AE51C,REASSEMBLY,Repair Manual,Body,,,complete,1,0,1,0,654,654.0,1,0,0,,2026-07-18 07:11:14
TEA-RM-56AD1A3BB7,HOW TO PROCEED WITH TROUBLESHOOTING,Repair Manual,Body,,,complete,1,0,1,0,980,980.0,1,0,0,,2026-07-18 07:11:14
TEA-RM-56BED5E1AA,REMOVAL,Repair Manual,Steering,,,complete,1,0,1,0,1095,1095.0,1,0,0,,2026-07-18 07:11:14
TEA-RM-56CEDF9334,LOCATION,Repair Manual,Body,,,complete,3,0,3,0,1944,648.0,1,0,0,,2026-07-18 07:11:14
TEA-RM-56E370FCE2,COMPONENTS,Repair Manual,Electrical,,,complete,3,0,3,0,1052,350.6666666666667,1,0,0,,2026-07-18 07:11:14
TEA-RM-56F7F4B729,SERVICE DATA,Repair Manual,Body,,,complete,3,0,3,0,3186,1062.0,1,0,0,,2026-07-18 07:11:14
TEA-RM-574FE1A08B,CIRCUIT ( 2001.12 - ) [ Only for Hong Kong ],Repair Manual,Electrical,,,complete,2,0,2,0,978,489.0,1,0,0,,2026-07-18 07:11:14
TEA-RM-57F55B9242,CUSTOMER PROBLEM ANALYSIS CHECK,Repair Manual,General,,,complete,1,0,1,0,824,824.0,1,0,0,,2026-07-18 07:11:14
TEA-RM-5897BC1382,COMPONENTS,Repair Manual,Body,,,complete,1,0,1,0,1121,1121.0,1,0,0,,2026-07-18 07:11:14
TEA-RM-58A520DCCE,12,Repair Manual,General,,,complete,3,0,3,0,2061,687.0,1,0,0,,2026-07-18 07:11:14
TEA-RM-58CFBF723E,SSM (Special Service Materials),Repair Manual,Body,,,complete,1,0,1,0,162,162.0,1,0,0,,2026-07-18 07:11:14
TEA-RM-58EC1DDBDD,Illumination circuit,Repair Manual,Body,,,complete,3,0,3,0,1601,533.6666666666666,1,0,0,,2026-07-18 07:11:14
TEA-RM-591831EA64,DISASSEMBLY,Repair Manual,Body,,,complete,1,0,1,0,503,503.0,1,0,0,,2026-07-18 07:11:14
TEA-RM-593FDA264D,INSPECTION,Repair Manual,General,,,complete,1,0,1,0,507,507.0,1,0,0,,2026-07-18 07:11:14
TEA-RM-59833608AA,COMPONENTS,Repair Manual,Brake,,,complete,2,0,2,0,1192,596.0,1,0,0,,2026-07-18 07:11:14
TEA-RM-59B037D222,TENR terminal (Ignition switch signal),Repair Manual,Engine,,,complete,2,0,2,0,858,429.0,1,0,0,,2026-07-18 07:11:14
TEA-RM-59F40AF8AC,EQUIPMENT,Repair Manual,Transmission,,A343E,complete,1,0,1,0,255,255.0,1,0,0,,2026-07-18 07:11:14
TEA-RM-5A4AF6EC68,INSTALLATION,Repair Manual,Engine,,,complete,1,0,1,0,147,147.0,1,0,0,,2026-07-18 07:11:14
TEA-RM-5A840590CA,INSPECTION,Repair Manual,Steering,,,complete,2,0,2,0,2361,1180.5,1,0,0,,2026-07-18 07:11:14
TEA-RM-5AB172D4B4,Cool Air Bypass Damper Control Servomotor Circuit (Passenger Side),Repair Manual,General,,,pending,,,,,,,,,,,
TEA-RM-5B0295A09E,INSTALLATION,Repair Manual,Chassis,,,complete,1,0,1,0,1352,1352.0,1,0,0,,2026-07-18 07:11:14
TEA-RM-5B1E12BB05,Power window master switch circuit,Repair Manual,Body,,,complete,3,0,3,0,1698,566.0,1,0,0,,2026-07-18 07:11:14
TEA-RM-5BD718E89E,INSTALLATION,Repair Manual,General,,,complete,1,0,1,0,140,140.0,1,0,0,,2026-07-18 07:11:15
TEA-RM-5C20F44761,ABS Warning Light Circuit,Repair Manual,Brake,,,pending,,,,,,,,,,,
TEA-RM-5C5966B455,Ts Terminal Of Check Connector Circuit,Repair Manual,Suspension,,,complete,2,0,2,0,1189,594.5,1,0,0,,2026-07-18 07:11:15
TEA-RM-5C82735380,B0100/13,Repair Manual,General,,,complete,5,0,5,0,5027,1005.4,1,0,0,,2026-07-18 07:11:15
TEA-RM-5CBE367AF5,TERMINALS OF ECU,Repair Manual,Engine,,,complete,3,0,3,0,4872,1624.0,1,0,0,,2026-07-18 07:11:15
TEA-RM-5D4594A1E8,HOW TO PROCEED WITH TROUBLESHOOTING ( 2001.12 - ) [ Only for Hong Kong ],Repair Manual,Engine,,,pending,,,,,,,,,,,
TEA-RM-5DB73F265E,COMPONENTS,Repair Manual,Steering,,,complete,2,0,2,0,1263,631.5,1,0,0,,2026-07-18 07:11:15
TEA-RM-5E58A91018,CIRCUIT,Repair Manual,Electrical,,,complete,4,0,4,0,1687,421.75,1,0,0,,2026-07-18 07:11:15
TEA-RM-5EC9734077,22,Repair Manual,General,,,complete,3,0,3,0,2319,773.0,1,0,0,,2026-07-18 07:11:15
TEA-RM-5F4D3949A1,COMPONENTS,Repair Manual,Body,,,complete,1,0,1,0,206,206.0,1,0,0,,2026-07-18 07:11:15
TEA-RM-5F8FC70205,INSPECTION,Repair Manual,Body,,,complete,1,0,1,0,1414,1414.0,1,0,0,,2026-07-18 07:11:15
TEA-RM-6007D9702C,SET OFF,Repair Manual,General,,,complete,1,0,1,0,393,393.0,1,0,0,,2026-07-18 07:11:15
TEA-RM-6044ECE7E4,REMOVAL,Repair Manual,Suspension,,,complete,1,0,1,0,461,461.0,1,0,0,,2026-07-18 07:11:15
TEA-RM-60676F0C0B,REMOVAL,Repair Manual,Body,,,complete,2,0,2,0,1299,649.5,1,0,0,,2026-07-18 07:11:15
TEA-RM-6072AAB01B,CUSTOMER PROBLEM ANALYSIS CHECK,Repair Manual,Brake,,,complete,1,0,1,0,574,574.0,1,0,0,,2026-07-18 07:11:15
TEA-RM-6073DBB6EC,DISASSEMBLY,Repair Manual,Body,,,complete,5,0,5,0,4580,916.0,1,0,0,,2026-07-18 07:11:15
TEA-RM-60E28D51DF,LOCATION,Repair Manual,Body,,,complete,1,0,1,0,872,872.0,1,0,0,,2026-07-18 07:11:15
TEA-RM-6112A2BAC6,42,Repair Manual,Suspension,,,complete,5,0,5,0,4676,935.2,1,0,0,,2026-07-18 07:11:15
TEA-RM-611D3183CC,INSTALLATION,Repair Manual,Suspension,,,complete,2,0,2,0,2187,1093.5,1,0,0,,2026-07-18 07:11:15
TEA-RM-616DF19730,PRECAUTION,Repair Manual,Suspension,,,complete,1,0,1,0,907,907.0,1,0,0,,2026-07-18 07:11:15
TEA-RM-6183BCA767,INSPECTION,Repair Manual,Engine,,,complete,1,0,1,0,783,783.0,1,0,0,,2026-07-18 07:11:15
TEA-RM-61AE3040A8,"91, 92, 93",Repair Manual,Suspension,,,complete,1,0,1,0,883,883.0,1,0,0,,2026-07-18 07:11:15
TEA-RM-621F2A5114,COMPONENTS,Repair Manual,Body,,,complete,1,0,1,0,447,447.0,1,0,0,,2026-07-18 07:11:15
TEA-RM-6279C1C605,"32, 42",Repair Manual,General,,,complete,3,0,3,0,3080,1026.6666666666667,1,0,0,,2026-07-18 07:11:15
TEA-RM-62F79A3F45,Door courtesy light and courtesy switch circuit,Repair Manual,Body,,,complete,3,0,3,0,2165,721.6666666666666,1,0,0,,2026-07-18 07:11:15
TEA-RM-63362030DD,Door courtesy light and courtesy switch circuit,Repair Manual,Body,,,complete,3,0,3,0,1595,531.6666666666666,1,0,0,,2026-07-18 07:11:15
TEA-RM-63726D6A45,INSPECTION,Repair Manual,General,,,complete,1,0,1,0,409,409.0,1,0,0,,2026-07-18 07:11:15
TEA-RM-637464836C,REASSEMBLY,Repair Manual,Brake,,,complete,1,0,1,0,933,933.0,1,0,0,,2026-07-18 07:11:15
TEA-RM-649351C9B9,REPLACEMENT,Repair Manual,Chassis,,,complete,2,0,2,0,1531,765.5,1,0,0,,2026-07-18 07:11:15
TEA-RM-64BB08D7FA,TERMINALS OF ECU,Repair Manual,Engine,,,complete,4,0,4,0,7101,1775.25,1,0,0,,2026-07-18 07:11:15
TEA-RM-65B409FD9A,INSPECTION,Repair Manual,Electrical,,,complete,1,0,1,0,462,462.0,1,0,0,,2026-07-18 07:11:15
TEA-RM-662C48C692,REASSEMBLY,Repair Manual,Brake,,,complete,1,0,1,0,238,238.0,1,0,0,,2026-07-18 07:11:15
TEA-RM-663BBD8FDB,B0110/43,Repair Manual,General,,,complete,4,0,4,0,3761,940.25,1,0,0,,2026-07-18 07:11:16
TEA-RM-666EC50AB4,41,Repair Manual,Suspension,,,complete,3,0,3,0,3218,1072.6666666666667,1,0,0,,2026-07-18 07:11:16
TEA-RM-6695190425,PRECAUTION,Repair Manual,Electrical,,,complete,1,0,1,0,546,546.0,1,0,0,,2026-07-18 07:11:16
TEA-RM-66CCE1A930,TERMINALS OF ECU,Repair Manual,Suspension,,,complete,3,0,3,0,5445,1815.0,1,0,0,,2026-07-18 07:11:16
TEA-RM-66ED8DCD7E,COMPONENTS,Repair Manual,Body,,,complete,1,0,1,0,310,310.0,1,0,0,,2026-07-18 07:11:16
TEA-RM-67A7C0343F,ON-VEHICLE REPAIR,Repair Manual,Transmission,,A343E,complete,1,0,1,0,633,633.0,1,0,0,,2026-07-18 07:11:16
TEA-RM-6831BF8F95,REMOVAL,Repair Manual,Brake,,,complete,1,0,1,0,576,576.0,1,0,0,,2026-07-18 07:11:16
TEA-RM-68A975381D,DISASSEMBLY,Repair Manual,Body,,,complete,1,0,1,0,435,435.0,1,0,0,,2026-07-18 07:11:16
TEA-RM-68B1370BC4,C1201 / 51,Repair Manual,Brake,,,complete,1,0,1,0,705,705.0,1,0,0,,2026-07-18 07:11:16
TEA-RM-68B4452E23,Power source circuit,Repair Manual,Body,,,complete,4,0,4,0,2080,520.0,1,0,0,,2026-07-18 07:11:16
TEA-RM-68C2CAC44F,"11, 12",Repair Manual,Brake,,,complete,3,0,3,0,3361,1120.3333333333333,1,0,0,,2026-07-18 07:11:16
TEA-RM-68E1F1BB4C,PROBLEM SYMPTOMS TABLE,Repair Manual,Engine,1GZ-FE,,complete,1,0,1,0,621,621.0,1,0,0,,2026-07-18 07:11:16
TEA-RM-68FE858E34,INSTALLATION,Repair Manual,Electrical,,,complete,1,0,1,0,1588,1588.0,1,0,0,,2026-07-18 07:11:16
TEA-RM-69B4E81C69,DIAGNOSTIC TROUBLE CODE CHART,Repair Manual,Transmission,,A343E,complete,1,0,1,0,1997,1997.0,1,0,0,,2026-07-18 07:11:16
TEA-RM-69E4F4ADCE,TERMINALS OF ECU,Repair Manual,Transmission,,A343E,complete,2,0,2,0,2468,1234.0,1,0,0,,2026-07-18 07:11:16
TEA-RM-69FAE6A8CF,REPLACEMENT,Repair Manual,Body,,,complete,1,0,1,0,1178,1178.0,1,0,0,,2026-07-18 07:11:16
TEA-RM-6A104AE2DD,REMOVAL,Repair Manual,Suspension,,,complete,2,0,2,0,1915,957.5,1,0,0,,2026-07-18 07:11:16
TEA-RM-6A8E90E9F7,INSPECTION,Repair Manual,Chassis,,,complete,3,0,3,0,2176,725.3333333333334,1,0,0,,2026-07-18 07:11:16
TEA-RM-6AA28C37EB,Always ON,Repair Manual,Brake,,,complete,4,0,4,0,3106,776.5,1,0,0,,2026-07-18 07:11:16
TEA-RM-6AD41A7190,DISASSEMBLY,Repair Manual,Engine,,,complete,1,0,1,0,1249,1249.0,1,0,0,,2026-07-18 07:11:16
TEA-RM-6B05A147CD,HOW TO PROCEED WITH TROUBLESHOOTING,Repair Manual,General,,,complete,1,0,1,0,992,992.0,1,0,0,,2026-07-18 07:11:16
TEA-RM-6B1490CC47,INSPECTION,Repair Manual,Engine,1GZ-FE,,complete,1,0,1,0,250,250.0,1,0,0,,2026-07-18 07:11:16
TEA-RM-6B4E1415E7,TORQUE SPECIFICATION ( 2001.12 - ) [ Only for Hong Kong ],Repair Manual,Brake,,,complete,1,0,1,0,287,287.0,1,0,0,,2026-07-18 07:11:16
TEA-RM-6B848ECF5F,INSTALLATION,Repair Manual,Electrical,,,complete,2,0,2,0,2080,1040.0,1,0,0,,2026-07-18 07:11:16
TEA-RM-6BE20CF1E7,COMPONENTS,Repair Manual,Electrical,,,complete,1,0,1,0,370,370.0,1,0,0,,2026-07-18 07:11:16
TEA-RM-6C51EE43FF,COMPONENTS,Repair Manual,General,,,complete,2,0,2,0,820,410.0,1,0,0,,2026-07-18 07:11:16
TEA-RM-6CF075EBEA,C1241 / 41,Repair Manual,Brake,,,complete,4,0,4,0,2800,700.0,1,0,0,,2026-07-18 07:11:16
TEA-RM-6D29B3F438,49,Repair Manual,Brake,,,complete,2,0,2,0,1673,836.5,1,0,0,,2026-07-18 07:11:16
TEA-RM-6D68F2D658,B0111/44,Repair Manual,General,,,complete,3,0,3,0,3529,1176.3333333333333,1,0,0,,2026-07-18 07:11:16
TEA-RM-6DA7001671,COMPONENTS,Repair Manual,Engine,,,complete,1,0,1,0,558,558.0,1,0,0,,2026-07-18 07:11:16
TEA-RM-6DAC828574,INSTALLATION,Repair Manual,Suspension,,,complete,1,0,1,0,1793,1793.0,1,0,0,,2026-07-18 07:11:16
TEA-RM-6DC84C4673,Door unlock detection switch circuit,Repair Manual,Body,,,complete,2,0,2,0,1167,583.5,1,0,0,,2026-07-18 07:11:16
TEA-RM-6DCBD106BB,REPLACEMENT,Repair Manual,Chassis,,,complete,3,0,3,0,2600,866.6666666666666,1,0,0,,2026-07-18 07:11:17
TEA-RM-6E10BFDBAC,Power outlet circuit,Repair Manual,General,,,complete,2,0,2,0,582,291.0,1,0,0,,2026-07-18 07:11:17
TEA-RM-6E1A5A13B6,RECOMMENDED TOOLS,Repair Manual,Steering,,,complete,1,0,1,0,353,353.0,1,0,0,,2026-07-18 07:11:17
TEA-RM-6E79D36F0C,INSPECTION,Repair Manual,Engine,,,complete,1,0,1,0,629,629.0,1,0,0,,2026-07-18 07:11:17
TEA-RM-6EA90091D0,Door lock motor circuit,Repair Manual,Body,,,complete,2,0,2,0,762,381.0,1,0,0,,2026-07-18 07:11:17
TEA-RM-6EB0CA4917,Power window motor circuit,Repair Manual,Body,,,complete,2,0,2,0,750,375.0,1,0,0,,2026-07-18 07:11:17
TEA-RM-6F4B8DF1D8,DISASSEMBLY,Repair Manual,Steering,,,complete,1,0,1,0,950,950.0,1,0,0,,2026-07-18 07:11:17
TEA-RM-6F51DE1351,INSPECTION,Repair Manual,General,,,complete,2,0,2,0,1208,604.0,1,0,0,,2026-07-18 07:11:17
TEA-RM-6FCBB5B7DB,ECU Power Source Circuit,Repair Manual,Steering,,,complete,2,0,2,0,1554,777.0,1,0,0,,2026-07-18 07:11:17
TEA-RM-707450AB41,HOW TO PROCEED WITH TROUBLESHOOTING,Repair Manual,Electrical,,,complete,1,0,1,0,918,918.0,1,0,0,,2026-07-18 07:11:17
TEA-RM-70B7737AA4,REASSEMBLY,Repair Manual,Engine,,,complete,1,0,1,0,147,147.0,1,0,0,,2026-07-18 07:11:17
TEA-RM-71B89CE6BF,Ts Terminal Of DLC3 Circuit,Repair Manual,Suspension,,,complete,2,0,2,0,1096,548.0,1,0,0,,2026-07-18 07:11:17
TEA-RM-7214F57441,Neutral Start Switch Circuit,Repair Manual,Transmission,,A343E,complete,5,0,5,0,3584,716.8,1,0,0,,2026-07-18 07:11:17
TEA-RM-7215656409,Power window motor circuit,Repair Manual,Body,,,complete,2,0,2,0,746,373.0,1,0,0,,2026-07-18 07:11:17
TEA-RM-72A4798163,Ignition switch power source circuit,Repair Manual,Engine,1GZ-FE,,complete,2,0,2,0,1150,575.0,1,0,0,,2026-07-18 07:11:17
TEA-RM-72D0A12015,REMOVAL,Repair Manual,Suspension,,,complete,1,0,1,0,458,458.0,1,0,0,,2026-07-18 07:11:17
TEA-RM-72EDD2B2CA,INSTALLATION,Repair Manual,Chassis,,,complete,2,0,2,0,2884,1442.0,1,0,0,,2026-07-18 07:11:17
TEA-RM-72FD02B1DF,REMOVAL,Repair Manual,Body,,,complete,3,0,3,0,2167,722.3333333333334,1,0,0,,2026-07-18 07:11:17
TEA-RM-7386336A6A,ADJUSTMENT,Repair Manual,Body,,,complete,2,0,2,0,1516,758.0,1,0,0,,2026-07-18 07:11:17
TEA-RM-739BDBFE2B,PARTS LOCATION,Repair Manual,Transmission,,A343E,complete,1,0,1,0,441,441.0,1,0,0,,2026-07-18 07:11:17
TEA-RM-73D7CC8AAF,LOCATION,Repair Manual,Electrical,,,complete,1,0,1,0,381,381.0,1,0,0,,2026-07-18 07:11:17
TEA-RM-7482E4495F,PARTS LOCATION,Repair Manual,Electrical,,,complete,2,0,2,0,773,386.5,1,0,0,,2026-07-18 07:11:17
TEA-RM-74B1F7AA8F,REPLACEMENT,Repair Manual,Steering,,,complete,1,0,1,0,964,964.0,1,0,0,,2026-07-18 07:11:17
TEA-RM-7618309CC8,HOW TO PROCEED WITH TROUBLESHOOTING,Repair Manual,General,,,complete,1,0,1,0,1131,1131.0,1,0,0,,2026-07-18 07:11:17
TEA-RM-762E3E62AC,Telescopic Motor Circuit,Repair Manual,Steering,,,complete,2,0,2,0,1217,608.5,1,0,0,,2026-07-18 07:11:17
TEA-RM-76BC10929E,Tc Terminal Circuit,Repair Manual,Brake,,,complete,2,0,2,0,1543,771.5,1,0,0,,2026-07-18 07:11:17
TEA-RM-76F0D728FE,Always ON,Repair Manual,Brake,,,complete,3,0,3,0,2031,677.0,1,0,0,,2026-07-18 07:11:17
TEA-RM-77545D7E07,HOW TO DETERMINE NUT STRENGTH ( 2001.12 - ) [ Only for Hong Kong ],Repair Manual,General,,,pending,,,,,,,,,,,
TEA-RM-7796AAE8D9,COMPONENTS,Repair Manual,Body,,,complete,2,0,2,0,1472,736.0,1,0,0,,2026-07-18 07:11:17
TEA-RM-77E327533B,ABS Warning Light Circuit,Repair Manual,Brake,,,complete,4,0,4,0,2710,677.5,1,0,0,,2026-07-18 07:11:17
TEA-RM-77EEB13576,CUSTOMER PROBLEM ANALYSIS CHECK,Repair Manual,Steering,,,complete,1,0,1,0,521,521.0,1,0,0,,2026-07-18 07:11:17
TEA-RM-7820F68338,DIAGNOSTIC TROUBLE CODE CHART,Repair Manual,General,,,complete,2,0,2,0,3378,1689.0,1,0,0,,2026-07-18 07:11:17
TEA-RM-7852DBD4E6,CRUISE MAIN Indicator Light Circuit,Repair Manual,Electrical,,,complete,2,0,2,0,755,377.5,1,0,0,,2026-07-18 07:11:17
TEA-RM-786AD637BD,B1100/31,Repair Manual,General,,,complete,2,0,2,0,1963,981.5,1,0,0,,2026-07-18 07:11:18
TEA-RM-78DFFBE18F,LUBRICANT,Repair Manual,Suspension,,,complete,1,0,1,0,393,393.0,1,0,0,,2026-07-18 07:11:18
TEA-RM-78F37A6982,INSPECTION,Repair Manual,Transmission,,A343E,complete,2,0,2,0,3347,1673.5,1,0,0,,2026-07-18 07:11:18
TEA-RM-7945AA9159,INSPECTION,Repair Manual,Engine,,,complete,1,0,1,0,413,413.0,1,0,0,,2026-07-18 07:11:18
TEA-RM-794A435272,LOCATION,Repair Manual,Body,,,complete,1,0,1,0,193,193.0,1,0,0,,2026-07-18 07:11:18
TEA-RM-79D0F80EB2,"Headrest, Neck Rest and Lumbar Support Motor Circuit",Repair Manual,General,,,pending,,,,,,,,,,,
TEA-RM-79D2EF8DF5,COMPONENTS,Repair Manual,Electrical,,,complete,1,0,1,0,193,193.0,1,0,0,,2026-07-18 07:11:18
TEA-RM-79F7EBF139,HOW TO PROCEED WITH TROUBLESHOOTING,Repair Manual,Suspension,,,complete,1,0,1,0,889,889.0,1,0,0,,2026-07-18 07:11:18
TEA-RM-7A20C56BDB,COMPONENTS,Repair Manual,Brake,,,complete,1,0,1,0,323,323.0,1,0,0,,2026-07-18 07:11:18
TEA-RM-7A21660FFC,REMOVAL,Repair Manual,Brake,,,complete,1,0,1,0,639,639.0,1,0,0,,2026-07-18 07:11:18
TEA-RM-7AC54C3F61,PARTS LOCATION,Repair Manual,General,,,complete,1,0,1,0,356,356.0,1,0,0,,2026-07-18 07:11:18
TEA-RM-7B7E4A9CAB,INSPECTION,Repair Manual,Suspension,,,complete,1,0,1,0,489,489.0,1,0,0,,2026-07-18 07:11:18
TEA-RM-7C6F92DC69,TORQUE SPECIFICATION,Repair Manual,Body,,,complete,3,0,3,0,4867,1622.3333333333333,1,0,0,,2026-07-18 07:11:18
TEA-RM-7C85DC9534,85,Repair Manual,Suspension,,,complete,2,0,2,0,1361,680.5,1,0,0,,2026-07-18 07:11:18
TEA-RM-7CB2BF0599,"TRC OFF Indicator, TRC Cut Switch Circuit",Repair Manual,Brake,,,pending,,,,,,,,,,,
TEA-RM-7CF742DDD4,PRECAUTION,Repair Manual,Electrical,,,complete,2,0,2,0,3813,1906.5,1,0,0,,2026-07-18 07:11:18
TEA-RM-7D3125C00E,COMPONENTS,Repair Manual,Steering,,,complete,1,0,1,0,419,419.0,1,0,0,,2026-07-18 07:11:18
TEA-RM-7D8699A0EE,Power source circuit,Repair Manual,Body,,,complete,4,0,4,0,1963,490.75,1,0,0,,2026-07-18 07:11:18
TEA-RM-7D8FE0725F,REMOVAL,Repair Manual,Body,,,complete,7,0,7,0,5677,811.0,1,0,0,,2026-07-18 07:11:18
TEA-RM-7F33E69080,CUSTOMER PROBLEM ANALYSIS CHECK,Repair Manual,Body,,,complete,1,0,1,0,680,680.0,1,0,0,,2026-07-18 07:11:18
TEA-RM-7F5F00C63A,INSPECTION,Repair Manual,Engine,,,complete,1,0,1,0,514,514.0,1,0,0,,2026-07-18 07:11:18
TEA-RM-7F8E4375D9,DISPOSAL,Repair Manual,Electrical,,,complete,6,0,6,0,8192,1365.3333333333333,1,0,0,,2026-07-18 07:11:18
TEA-RM-7FB434212E,C1246 / 46,Repair Manual,Brake,,,complete,3,0,3,0,3041,1013.6666666666666,1,0,0,,2026-07-18 07:11:18
TEA-RM-7FCCCC4373,B1177/95,Repair Manual,General,,,complete,3,0,3,0,3723,1241.0,1,0,0,,2026-07-18 07:11:18
TEA-RM-7FD8C900E9,SST (Special Service Tools),Repair Manual,Suspension,,,complete,5,0,5,0,3668,733.6,1,0,0,,2026-07-18 07:11:18
TEA-RM-7FFB282872,HOW TO PROCEED WITH TROUBLESHOOTING,Repair Manual,Body,,,complete,1,0,1,0,999,999.0,1,0,0,,2026-07-18 07:11:18
TEA-RM-81171B4F26,Luggage opener switch circuit,Repair Manual,Body,,,complete,2,0,2,0,1044,522.0,1,0,0,,2026-07-18 07:11:19
TEA-RM-82169538FB,LOCATION,Repair Manual,General,,,complete,1,0,1,0,516,516.0,1,0,0,,2026-07-18 07:11:19
TEA-RM-82205F8377,COMPONENTS,Repair Manual,Body,,,complete,1,0,1,0,238,238.0,1,0,0,,2026-07-18 07:11:19
TEA-RM-822C911FD8,PROBLEM SYMPTOMS TABLE,Repair Manual,Chassis,,,complete,1,0,1,0,413,413.0,1,0,0,,2026-07-18 07:11:19
TEA-RM-82335EB5F3,Normal,Repair Manual,General,,,complete,3,0,3,0,3836,1278.6666666666667,1,0,0,,2026-07-18 07:11:19
TEA-RM-827DC40B09,PRECAUTION,Repair Manual,General,,,complete,9,0,9,0,12860,1428.888888888889,1,0,0,,2026-07-18 07:11:19
TEA-RM-827ED58A26,2. Messages are not indicated correctly.,Repair Manual,Electrical,,,complete,1,0,1,0,714,714.0,1,0,0,,2026-07-18 07:11:19
TEA-RM-829B09540E,51,Repair Manual,Suspension,,,complete,2,0,2,0,2276,1138.0,1,0,0,,2026-07-18 07:11:19
TEA-RM-82C7A26E5D,B0136/74,Repair Manual,General,,,complete,3,0,3,0,3453,1151.0,1,0,0,,2026-07-18 07:11:19
TEA-RM-82F032F069,HOW TO PROCEED WITH TROUBLESHOOTING,Repair Manual,Body,,,complete,1,0,1,0,993,993.0,1,0,0,,2026-07-18 07:11:19
TEA-RM-8357745356,REASSEMBLY,Repair Manual,Electrical,,,complete,1,0,1,0,165,165.0,1,0,0,,2026-07-18 07:11:19
TEA-RM-83B410AE8D,REMOVAL,Repair Manual,Suspension,,,complete,1,0,1,0,340,340.0,1,0,0,,2026-07-18 07:11:19
TEA-RM-842DFAC5C2,B1217 / 17,Repair Manual,General,,,complete,2,0,2,0,1553,776.5,1,0,0,,2026-07-18 07:11:19
TEA-RM-84749E382E,Blower Motor Circuit,Repair Manual,General,,,complete,3,0,3,0,1723,574.3333333333334,1,0,0,,2026-07-18 07:11:19
TEA-RM-84979E35FE,8. Tachometer remains indicating ”---r/min”.,Repair Manual,Electrical,,,complete,1,0,1,0,361,361.0,1,0,0,,2026-07-18 07:11:19
TEA-RM-84A4BCD25D,CUSTOMER PROBLEM ANALYSIS CHECK,Repair Manual,Body,,,complete,1,0,1,0,1059,1059.0,1,0,0,,2026-07-18 07:11:19
TEA-RM-84CD858BA8,Taillight relay circuit,Repair Manual,Body,,,complete,2,0,2,0,1388,694.0,1,0,0,,2026-07-18 07:11:19
TEA-RM-854B798584,REMOVAL,Repair Manual,Steering,,,complete,3,0,3,0,2817,939.0,1,0,0,,2026-07-18 07:11:19
TEA-RM-855874A29A,C0226 / 21 - C1227 / 27,Repair Manual,Brake,,,complete,4,0,4,0,3213,803.25,1,0,0,,2026-07-18 07:11:19
TEA-RM-85861ADE03,REMOVAL,Repair Manual,Body,,,complete,3,0,3,0,2361,787.0,1,0,0,,2026-07-18 07:11:19
TEA-RM-85CF798CD2,PROBLEM SYMPTOMS TABLE,Repair Manual,Body,,,complete,1,0,1,0,2155,2155.0,1,0,0,,2026-07-18 07:11:19
TEA-RM-860FC961D4,INSTALLATION,Repair Manual,Body,,,complete,6,0,6,0,5905,984.1666666666666,1,0,0,,2026-07-18 07:11:19
TEA-RM-8634E1E592,LOCATION,Repair Manual,Body,,,complete,1,0,1,0,313,313.0,1,0,0,,2026-07-18 07:11:19
TEA-RM-867ECA6059,74,Repair Manual,Suspension,,,complete,4,0,4,0,3335,833.75,1,0,0,,2026-07-18 07:11:19
TEA-RM-86EFACD532,REMOVAL,Repair Manual,General,,,complete,1,0,1,0,244,244.0,1,0,0,,2026-07-18 07:11:19
TEA-RM-86F5DDD2AB,Rear A/C Control Assembly Circuit,Repair Manual,General,,,complete,3,0,3,0,2317,772.3333333333334,1,0,0,,2026-07-18 07:11:19
TEA-RM-873A9DEE57,Microphone amplifier,Repair Manual,General,,,complete,2,0,2,0,763,381.5,1,0,0,,2026-07-18 07:11:19
TEA-RM-8785086BE2,DISASSEMBLY,Repair Manual,Steering,,,complete,2,0,2,0,2285,1142.5,1,0,0,,2026-07-18 07:11:19
TEA-RM-87FE78AA3E,LOCATION,Repair Manual,Steering,,,complete,1,0,1,0,181,181.0,1,0,0,,2026-07-18 07:11:19
TEA-RM-88266D4766,Ignition switch power source circuit,Repair Manual,Engine,,,complete,2,0,2,0,1275,637.5,1,0,0,,2026-07-18 07:11:19
TEA-RM-88A9EF0DF5,INSPECTION,Repair Manual,General,,,complete,1,0,1,0,376,376.0,1,0,0,,2026-07-18 07:11:19
TEA-RM-88CAAB4A0E,Luggage compartment door courtesy switch circuit,Repair Manual,Body,,,complete,2,0,2,0,899,449.5,1,0,0,,2026-07-18 07:11:20
TEA-RM-8957085E61,B1214 / 14,Repair Manual,General,,,complete,5,0,5,0,3638,727.6,1,0,0,,2026-07-18 07:11:20
TEA-RM-899521582A,COMPONENTS,Repair Manual,Electrical,,,complete,2,0,2,0,624,312.0,1,0,0,,2026-07-18 07:11:20
TEA-RM-8A72A0AD61,BLEEDING,Repair Manual,Brake,,,complete,2,0,2,0,1784,892.0,1,0,0,,2026-07-18 07:11:20
TEA-RM-8A94269EE9,RECOMMENDED TOOLS,Repair Manual,Transmission,,A343E,complete,1,0,1,0,131,131.0,1,0,0,,2026-07-18 07:11:20
TEA-RM-8B05841121,Door lock motor circuit,Repair Manual,Body,,,complete,2,0,2,0,872,436.0,1,0,0,,2026-07-18 07:11:20
TEA-RM-8B3DE07B95,Door unlock detectin switch,Repair Manual,Body,,,complete,2,0,2,0,1271,635.5,1,0,0,,2026-07-18 07:11:20
TEA-RM-8B86E6FB76,81,Repair Manual,Suspension,,,complete,4,0,4,0,3583,895.75,1,0,0,,2026-07-18 07:11:20
TEA-RM-8BFC66EF8C,"C1233 / 33, C1234 / 34",Repair Manual,Brake,,,complete,4,0,4,0,3404,851.0,1,0,0,,2026-07-18 07:11:20
TEA-RM-8C0F1341AE,INSPECTION,Repair Manual,Transmission,,A343E,complete,1,0,1,0,1447,1447.0,1,0,0,,2026-07-18 07:11:20
TEA-RM-8CB7AA5949,LOCATION,Repair Manual,Electrical,,,complete,1,0,1,0,284,284.0,1,0,0,,2026-07-18 07:11:20
TEA-RM-8D7564CCA9,B0135/73,Repair Manual,General,,,complete,4,0,4,0,3714,928.5,1,0,0,,2026-07-18 07:11:20
TEA-RM-8D87859CEF,TERMINALS OF ECU,Repair Manual,Engine,,,complete,3,0,3,0,6207,2069.0,1,0,0,,2026-07-18 07:11:20
TEA-RM-8DA9CFB55C,DISASSEMBLY,Repair Manual,Chassis,,,complete,5,0,5,0,5383,1076.6,1,0,0,,2026-07-18 07:11:20
TEA-RM-8E589BBCF3,Power Seat Limit Switch Circuit,Repair Manual,General,,,complete,2,0,2,0,976,488.0,1,0,0,,2026-07-18 07:11:20
TEA-RM-8E85124573,INSPECTION,Repair Manual,Body,,,complete,3,0,3,0,3891,1297.0,1,0,0,,2026-07-18 07:11:20
TEA-RM-8EAAED20BB,COMPONENTS,Repair Manual,Suspension,,,complete,1,0,1,0,730,730.0,1,0,0,,2026-07-18 07:11:20
TEA-RM-8EC4A0F8A5,INSTALLATION,Repair Manual,Body,,,complete,2,0,2,0,2647,1323.5,1,0,0,,2026-07-18 07:11:20
TEA-RM-8ED61B5D43,OPERATION,Repair Manual,Electrical,,,complete,9,0,9,0,9050,1005.5555555555555,1,0,0,,2026-07-18 07:11:20
TEA-RM-8EE6F72B56,COMPONENTS,Repair Manual,Suspension,,,complete,1,0,1,0,429,429.0,1,0,0,,2026-07-18 07:11:20
TEA-RM-8F63BC408E,CHARGING,Repair Manual,General,,,complete,2,0,2,0,2339,1169.5,1,0,0,,2026-07-18 07:11:20
TEA-RM-8F6EC5D603,EQUIPMENT,Repair Manual,Suspension,,,complete,1,0,1,0,142,142.0,1,0,0,,2026-07-18 07:11:20
TEA-RM-8FBA05BF33,ON-VEHICLE INSPECTION,Repair Manual,General,,,complete,1,0,1,0,628,628.0,1,0,0,,2026-07-18 07:11:20
TEA-RM-8FCC1A408C,REPLACEMENT,Repair Manual,General,,,complete,1,0,1,0,1208,1208.0,1,0,0,,2026-07-18 07:11:20
TEA-RM-8FD8694082,REASSEMBLY,Repair Manual,Steering,,,complete,1,0,1,0,846,846.0,1,0,0,,2026-07-18 07:11:20
TEA-RM-9046FBA2F2,INSPECTION,Repair Manual,Chassis,,,complete,3,0,3,0,2474,824.6666666666666,1,0,0,,2026-07-18 07:11:20
TEA-RM-906E2614CA,LOCATION,Repair Manual,Body,,,complete,1,0,1,0,144,144.0,1,0,0,,2026-07-18 07:11:20
TEA-RM-907452FBA0,COMPONENTS,Repair Manual,Body,,,complete,2,0,2,0,2021,1010.5,1,0,0,,2026-07-18 07:11:20
TEA-RM-90BCE7383E,COMPONENTS,Repair Manual,Brake,,,complete,1,0,1,0,581,581.0,1,0,0,,2026-07-18 07:11:20
TEA-RM-90D6CECF6F,INSTALLATION,Repair Manual,Suspension,,,complete,1,0,1,0,282,282.0,1,0,0,,2026-07-18 07:11:20
TEA-RM-90D81799E4,"C0278 / 11, C0279 / 12",Repair Manual,Brake,,,complete,5,0,5,0,4147,829.4,1,0,0,,2026-07-18 07:11:20
TEA-RM-910D372649,SERVICE DATA,Repair Manual,General,,,complete,1,0,1,0,259,259.0,1,0,0,,2026-07-18 07:11:20
TEA-RM-914AA04254,LOCATION ( 2001.12 - ) [ Only for Hong Kong ],Repair Manual,Electrical,,,complete,1,0,1,0,207,207.0,1,0,0,,2026-07-18 07:11:21
TEA-RM-91DA611055,Key unlock warning switch circuit,Repair Manual,Body,,,complete,2,0,2,0,894,447.0,1,0,0,,2026-07-18 07:11:21
TEA-RM-9224559616,REMOVAL,Repair Manual,Suspension,,,complete,2,0,2,0,1034,517.0,1,0,0,,2026-07-18 07:11:21
TEA-RM-92281569B3,SRS Warning Light Circuit Malfunction,Repair Manual,Electrical,,,complete,5,0,5,0,3660,732.0,1,0,0,,2026-07-18 07:11:21
TEA-RM-92725C0BD9,INSPECTION,Repair Manual,Body,,,complete,1,0,1,0,461,461.0,1,0,0,,2026-07-18 07:11:21
TEA-RM-92765B9C06,INSTALLATION,Repair Manual,General,,,complete,1,0,1,0,139,139.0,1,0,0,,2026-07-18 07:11:21
TEA-RM-92B780FC60,ADJUSTMENT,Repair Manual,Electrical,,,complete,1,0,1,0,519,519.0,1,0,0,,2026-07-18 07:11:21
TEA-RM-9320D86974,REPLACEMENT,Repair Manual,Chassis,,,complete,2,0,2,0,1082,541.0,1,0,0,,2026-07-18 07:11:21
TEA-RM-93C7481CE1,INSPECTION,Repair Manual,Electrical,,,complete,1,0,1,0,155,155.0,1,0,0,,2026-07-18 07:11:21
TEA-RM-93D395EC95,Compressor Circuit,Repair Manual,General,,,complete,3,0,3,0,2512,837.3333333333334,1,0,0,,2026-07-18 07:11:21
TEA-RM-93D51C0A0B,C1203 / 53,Repair Manual,Brake,,,complete,2,0,2,0,1587,793.5,1,0,0,,2026-07-18 07:11:21
TEA-RM-93F3EC39D6,TERMINALS OF ECU,Repair Manual,Engine,,,complete,2,0,2,0,2328,1164.0,1,0,0,,2026-07-18 07:11:21
TEA-RM-9416A8B360,REASSEMBLY,Repair Manual,Transmission,,A343E,complete,3,0,3,0,3643,1214.3333333333333,1,0,0,,2026-07-18 07:11:21
TEA-RM-9424BBA5CE,Jam protection limit switch circuit,Repair Manual,Body,,,complete,2,0,2,0,994,497.0,1,0,0,,2026-07-18 07:11:21
TEA-RM-945745E0E1,HOW TO USE THE DIAGNOSTIC CHART AND INSPECTION PROCEDURE,Repair Manual,Engine,,,pending,,,,,,,,,,,
TEA-RM-94A2BAD0D7,Door lock motor circuit,Repair Manual,Body,,,complete,2,0,2,0,763,381.5,1,0,0,,2026-07-18 07:11:21
TEA-RM-94AAE30CCE,REMOVAL,Repair Manual,Transmission,,A343E,complete,3,0,3,0,2075,691.6666666666666,1,0,0,,2026-07-18 07:11:21
TEA-RM-94D84DA234,Wiper angle control motor circuit,Repair Manual,Body,,,complete,3,0,3,0,1505,501.6666666666667,1,0,0,,2026-07-18 07:11:21
TEA-RM-952887C71D,COMPONENTS,Repair Manual,Electrical,,,complete,1,0,1,0,582,582.0,1,0,0,,2026-07-18 07:11:21
TEA-RM-95790CC0C0,4. Non-lighting of meter illumination and pointer (water temperature and fuel),Repair Manual,Electrical,,,pending,,,,,,,,,,,
TEA-RM-9596EF3588,HOW TO USE THE DIAGNOSTIC CHART AND INSPECTION PROCEDURE ( 2001.12 - ) [ Only for Hong Kong ],Repair Manual,Engine,,,pending,,,,,,,,,,,
TEA-RM-96B84D8088,HOW TO PROCEED WITH TROUBLESHOOTING,Repair Manual,Body,,,complete,1,0,1,0,1001,1001.0,1,0,0,,2026-07-18 07:11:21
TEA-RM-96F86857A8,11 Warning indicator remains lighting.,Repair Manual,Electrical,,,complete,1,0,1,0,829,829.0,1,0,0,,2026-07-18 07:11:21
TEA-RM-9744421D41,TROUBLESHOOTING,Repair Manual,Electrical,,,complete,24,0,24,0,27550,1147.9166666666667,1,0,0,,2026-07-18 07:11:21
TEA-RM-9797B573FD,ON-VEHICLE INSPECTION,Repair Manual,General,,,complete,1,0,1,0,241,241.0,1,0,0,,2026-07-18 07:11:21
TEA-RM-9922731FA2,EVACUATING,Repair Manual,General,,,complete,1,0,1,0,1249,1249.0,1,0,0,,2026-07-18 07:11:21
TEA-RM-9A0E861307,DISPOSAL,Repair Manual,Body,,,complete,5,0,5,0,6765,1353.0,1,0,0,,2026-07-18 07:11:21
TEA-RM-9A1FB8A912,HOW TO DETERMINE BOLT STRENGTH ( 2001.12 - ) [ Only for Hong Kong ],Repair Manual,General,,,pending,,,,,,,,,,,
TEA-RM-9AEFF97600,Door courtesy light and courtesy switch circuit,Repair Manual,Body,,,complete,3,0,3,0,1589,529.6666666666666,1,0,0,,2026-07-18 07:11:21
TEA-RM-9B656B3CEC,1. Check of communications between combination meter and body ECU.,Repair Manual,Engine,,,pending,,,,,,,,,,,
TEA-RM-9B84A593F3,B0115/47,Repair Manual,General,,,complete,4,0,4,0,3763,940.75,1,0,0,,2026-07-18 07:11:21
TEA-RM-9BD923EDAC,B1261 / 61,Repair Manual,General,,,complete,2,0,2,0,1431,715.5,1,0,0,,2026-07-18 07:11:21
TEA-RM-9BE3F6D9E7,INSPECTION,Repair Manual,General,,,complete,1,0,1,0,549,549.0,1,0,0,,2026-07-18 07:11:21
TEA-RM-9BE79F6E26,INSPECTION,Repair Manual,Electrical,,,complete,1,0,1,0,906,906.0,1,0,0,,2026-07-18 07:11:21
TEA-RM-9C640D4ABC,INSTALLATION,Repair Manual,Suspension,,,complete,1,0,1,0,1637,1637.0,1,0,0,,2026-07-18 07:11:21
TEA-RM-9CC930AD6C,COMPONENTS,Repair Manual,Body,,,complete,3,0,3,0,2604,868.0,1,0,0,,2026-07-18 07:11:21
TEA-RM-9CF82F1B0A,C1249 / 49,Repair Manual,Brake,,,complete,3,0,3,0,1759,586.3333333333334,1,0,0,,2026-07-18 07:11:22
TEA-RM-9D3E17F117,INSPECTION,Repair Manual,Electrical,,,complete,1,0,1,0,402,402.0,1,0,0,,2026-07-18 07:11:22
TEA-RM-9D94B35745,Heater Relay Circuit,Repair Manual,General,,,complete,3,0,3,0,1695,565.0,1,0,0,,2026-07-18 07:11:22
TEA-RM-9DBFAC37B1,INSTALLATION,Repair Manual,Steering,,,complete,1,0,1,0,1686,1686.0,1,0,0,,2026-07-18 07:11:22
TEA-RM-9DCA07EFB6,B0107/51,Repair Manual,General,,,complete,3,0,3,0,3611,1203.6666666666667,1,0,0,,2026-07-18 07:11:22
TEA-RM-9E48099FBD,INSTALLATION,Repair Manual,Brake,,,complete,1,0,1,0,1600,1600.0,1,0,0,,2026-07-18 07:11:22
TEA-RM-9E530A5EB6,Rear A/C amplifier circuit,Repair Manual,General,,,complete,2,0,2,0,965,482.5,1,0,0,,2026-07-18 07:11:22
TEA-RM-9E90C86C74,Tc Terminal Circuit,Repair Manual,Suspension,,,complete,3,0,3,0,1499,499.6666666666667,1,0,0,,2026-07-18 07:11:22
TEA-RM-9EAD3675A5,Rear Power Seat Switch Power Source Circuit,Repair Manual,General,,,complete,3,0,3,0,2471,823.6666666666666,1,0,0,,2026-07-18 07:11:22
TEA-RM-9F40F2DDBE,DISASSEMBLY,Repair Manual,Suspension,,,complete,2,0,2,0,1864,932.0,1,0,0,,2026-07-18 07:11:22
TEA-RM-9FB7F771F1,INSPECTION,Repair Manual,Engine,,,complete,1,0,1,0,639,639.0,1,0,0,,2026-07-18 07:11:22
TEA-RM-9FC637D743,PRECAUTION,Repair Manual,Body,,,complete,1,0,1,0,1360,1360.0,1,0,0,,2026-07-18 07:11:22
TEA-RM-9FFFB66631,LOCATION,Repair Manual,Body,,,complete,1,0,1,0,173,173.0,1,0,0,,2026-07-18 07:11:22
TEA-RM-A0784AF664,INSPECTION,Repair Manual,Body,,,complete,3,0,3,0,2814,938.0,1,0,0,,2026-07-18 07:11:22
TEA-RM-A111884D2B,REMOVAL,Repair Manual,Electrical,,,complete,1,0,1,0,930,930.0,1,0,0,,2026-07-18 07:11:22
TEA-RM-A13AB6D471,HOW TO PROCEED WITH TROUBLESHOOTING,Repair Manual,Steering,,,complete,1,0,1,0,732,732.0,1,0,0,,2026-07-18 07:11:22
TEA-RM-A266410DE5,VEHICLE LIFT AND SUPPORT LOCATIONS,Repair Manual,General,,,complete,2,0,2,0,826,413.0,1,0,0,,2026-07-18 07:11:22
TEA-RM-A29691E32D,REPLACEMENT,Repair Manual,Body,,,complete,5,0,5,0,6620,1324.0,1,0,0,,2026-07-18 07:11:22
TEA-RM-A2B1072C76,P1520/52,Repair Manual,Electrical,,,complete,3,0,3,0,3302,1100.6666666666667,1,0,0,,2026-07-18 07:11:22
TEA-RM-A2C6EE9F2D,INSTALLATION,Repair Manual,Transmission,,A343E,complete,1,0,1,0,564,564.0,1,0,0,,2026-07-18 07:11:22
TEA-RM-A2C7107735,INSPECTION,Repair Manual,Steering,,,complete,1,0,1,0,1271,1271.0,1,0,0,,2026-07-18 07:11:22
TEA-RM-A3A9935FAB,B1262 / 62,Repair Manual,General,,,complete,1,0,1,0,1078,1078.0,1,0,0,,2026-07-18 07:11:22
TEA-RM-A3B0A8CFED,31 - 35,Repair Manual,Suspension,,,complete,7,0,7,0,7770,1110.0,1,0,0,,2026-07-18 07:11:22
TEA-RM-A3E9F1FEEB,INSTALLATION,Repair Manual,General,,,complete,1,0,1,0,138,138.0,1,0,0,,2026-07-18 07:11:22
TEA-RM-A4FBA6647B,PRECAUTION ( 2001.12 - ) [ Only for Hong Kong ],Repair Manual,General,,,complete,10,0,10,0,13762,1376.2,1,0,0,,2026-07-18 07:11:22
TEA-RM-A4FC0B2117,"Taillight, stop light and rear fog light circuit",Repair Manual,General,,,complete,2,0,2,0,1816,908.0,1,0,0,,2026-07-18 07:11:22
TEA-RM-A53F6BDD7C,REPLACEMENT,Repair Manual,Body,,,complete,1,0,1,0,600,600.0,1,0,0,,2026-07-18 07:11:22
TEA-RM-A57499C7B0,REASSEMBLY,Repair Manual,Body,,,complete,1,0,1,0,1838,1838.0,1,0,0,,2026-07-18 07:11:22
TEA-RM-A58B292664,INSTALLATION,Repair Manual,Suspension,,,complete,1,0,1,0,533,533.0,1,0,0,,2026-07-18 07:11:22
TEA-RM-A58B70572C,"16. Warning, indicator does not turn on.",Repair Manual,Electrical,,,complete,2,0,2,0,1022,511.0,1,0,0,,2026-07-18 07:11:22
TEA-RM-A5D8643B4A,COMPONENTS,Repair Manual,Suspension,,,complete,1,0,1,0,454,454.0,1,0,0,,2026-07-18 07:11:22
TEA-RM-A62CE2B51A,SERVICE DATA,Repair Manual,Suspension,,,complete,4,0,4,0,5999,1499.75,1,0,0,,2026-07-18 07:11:23
TEA-RM-A646D93A4C,LOCATION,Repair Manual,Body,,,complete,1,0,1,0,327,327.0,1,0,0,,2026-07-18 07:11:23
TEA-RM-A67F21AFBF,REMOVAL,Repair Manual,Suspension,,,complete,2,0,2,0,986,493.0,1,0,0,,2026-07-18 07:11:23
TEA-RM-A69F60FF7C,COMPONENTS,Repair Manual,Suspension,,,complete,1,0,1,0,467,467.0,1,0,0,,2026-07-18 07:11:23
TEA-RM-A700A7805B,INSPECTION,Repair Manual,Electrical,,,complete,1,0,1,0,1337,1337.0,1,0,0,,2026-07-18 07:11:23
TEA-RM-A7049D7528,DISASSEMBLY,Repair Manual,Suspension,,,complete,2,0,2,0,1380,690.0,1,0,0,,2026-07-18 07:11:23
TEA-RM-A731BA0720,B1141/33,Repair Manual,General,,,complete,8,0,8,0,7930,991.25,1,0,0,,2026-07-18 07:11:23
TEA-RM-A8192D2B0B,LOCATION,Repair Manual,Body,,,complete,1,0,1,0,325,325.0,1,0,0,,2026-07-18 07:11:23
TEA-RM-A8330C5A1A,LOCATION,Repair Manual,Body,,,complete,1,0,1,0,119,119.0,1,0,0,,2026-07-18 07:11:23
TEA-RM-A837F75E52,INSTALLATION,Repair Manual,General,,,complete,1,0,1,0,145,145.0,1,0,0,,2026-07-18 07:11:23
TEA-RM-A86D4A44A5,INSPECTION,Repair Manual,General,,,complete,1,0,1,0,372,372.0,1,0,0,,2026-07-18 07:11:23
TEA-RM-A8745F4FE8,C1251 / 51,Repair Manual,Brake,,,complete,2,0,2,0,1242,621.0,1,0,0,,2026-07-18 07:11:23
TEA-RM-A8958584DB,INSPECTION,Repair Manual,Engine,,,complete,1,0,1,0,127,127.0,1,0,0,,2026-07-18 07:11:23
TEA-RM-A8A05EE960,B0118/46,Repair Manual,General,,,complete,3,0,3,0,3711,1237.0,1,0,0,,2026-07-18 07:11:23
TEA-RM-A8B53BE88C,ADJUSTMENT,Repair Manual,Body,,,complete,1,0,1,0,706,706.0,1,0,0,,2026-07-18 07:11:23
TEA-RM-A933F4BDEA,INSTALLATION,Repair Manual,Body,,,complete,1,0,1,0,154,154.0,1,0,0,,2026-07-18 07:11:23
TEA-RM-A9A09DD2FC,GENERAL DESCRIPTION,Repair Manual,Brake,,,complete,1,0,1,0,488,488.0,1,0,0,,2026-07-18 07:11:23
TEA-RM-A9C7F0C540,SST (Special Service Tools),Repair Manual,Body,,,complete,1,0,1,0,138,138.0,1,0,0,,2026-07-18 07:11:23
TEA-RM-A9D3239292,REMOVAL,Repair Manual,General,,,complete,1,0,1,0,706,706.0,1,0,0,,2026-07-18 07:11:23
TEA-RM-A9FD01C5FA,INSPECTION,Repair Manual,Engine,,,complete,1,0,1,0,1011,1011.0,1,0,0,,2026-07-18 07:11:23
TEA-RM-AA5AF32E6B,INSTALLATION,Repair Manual,Body,,,complete,1,0,1,0,140,140.0,1,0,0,,2026-07-18 07:11:23
TEA-RM-AB0DD464EA,Tilt Motor Circuit,Repair Manual,Steering,,,complete,2,0,2,0,1152,576.0,1,0,0,,2026-07-18 07:11:23
TEA-RM-AB22005A91,TROUBLESHOOTING,Repair Manual,Body,,,complete,2,0,2,0,1877,938.5,1,0,0,,2026-07-18 07:11:23
TEA-RM-AB53B962A7,P0500/61,Repair Manual,Transmission,,A343E,complete,3,0,3,0,3362,1120.6666666666667,1,0,0,,2026-07-18 07:11:23
TEA-RM-AC4130B479,COMPONENTS,Repair Manual,Chassis,,,complete,1,0,1,0,402,402.0,1,0,0,,2026-07-18 07:11:23
TEA-RM-AC5AC26295,CUSTOMER PROBLEM ANALYSIS CHECK,Repair Manual,Body,,,complete,1,0,1,0,714,714.0,1,0,0,,2026-07-18 07:11:23
TEA-RM-AC6EBAD2DA,INSPECTION,Repair Manual,General,,,complete,2,0,2,0,1721,860.5,1,0,0,,2026-07-18 07:11:23
TEA-RM-AC9C3687FC,REMOVAL,Repair Manual,Engine,,,complete,2,0,2,0,1388,694.0,1,0,0,,2026-07-18 07:11:24
TEA-RM-ACA533FEE6,REPLACEMENT,Repair Manual,Electrical,,,complete,1,0,1,0,755,755.0,1,0,0,,2026-07-18 07:11:24
TEA-RM-ACBB01BCAA,DISPOSAL,Repair Manual,Electrical,,,complete,6,0,6,0,8305,1384.1666666666667,1,0,0,,2026-07-18 07:11:24
TEA-RM-ACE12F649C,VSC Warning Light Circuit,Repair Manual,Brake,,,pending,,,,,,,,,,,
TEA-RM-ACF34A01D4,INSPECTION,Repair Manual,Body,,,complete,3,0,3,0,3684,1228.0,1,0,0,,2026-07-18 07:11:24
TEA-RM-AD1A38053E,LUBRICANT,Repair Manual,Body,,,complete,1,0,1,0,103,103.0,1,0,0,,2026-07-18 07:11:24
TEA-RM-AD595B2077,INSPECTION,Repair Manual,Electrical,,,complete,3,0,3,0,4633,1544.3333333333333,1,0,0,,2026-07-18 07:11:24
TEA-RM-ADD91FC560,COMPONENTS,Repair Manual,Suspension,,,complete,1,0,1,0,538,538.0,1,0,0,,2026-07-18 07:11:24
TEA-RM-ADDB458B4F,INSPECTION ( 2001.12 - ) [ Only for Hong Kong ],Repair Manual,Electrical,,,complete,3,0,3,0,3516,1172.0,1,0,0,,2026-07-18 07:11:24
TEA-RM-ADDD89634F,B1211 / 11,Repair Manual,General,,,complete,2,0,2,0,2340,1170.0,1,0,0,,2026-07-18 07:11:24
TEA-RM-AE43C6C186,PRE-CHECK,Repair Manual,Brake,,,complete,10,0,10,0,16212,1621.2,1,0,0,,2026-07-18 07:11:24
TEA-RM-AEDD501A52,TERMINALS OF ECU,Repair Manual,Engine,,,complete,3,0,3,0,3211,1070.3333333333333,1,0,0,,2026-07-18 07:11:24
TEA-RM-AEFC6ACD12,25 - 27,Repair Manual,Brake,,,complete,3,0,3,0,2623,874.3333333333334,1,0,0,,2026-07-18 07:11:24
TEA-RM-AF8B20C725,DISASSEMBLY,Repair Manual,Steering,,,complete,4,0,4,0,3603,900.75,1,0,0,,2026-07-18 07:11:24
TEA-RM-AFC1E1E357,LOCATION,Repair Manual,Body,,,complete,6,0,6,0,2699,449.8333333333333,1,0,0,,2026-07-18 07:11:24
TEA-RM-B068F954FC,21 - 24,Repair Manual,Brake,,,complete,3,0,3,0,2798,932.6666666666666,1,0,0,,2026-07-18 07:11:24
TEA-RM-B06F1D6D0C,Pattern Select Switch Circuit,Repair Manual,Transmission,,A343E,complete,3,0,3,0,2600,866.6666666666666,1,0,0,,2026-07-18 07:11:24
TEA-RM-B07CF5CF6B,B1178/96,Repair Manual,General,,,complete,3,0,3,0,3737,1245.6666666666667,1,0,0,,2026-07-18 07:11:24
TEA-RM-B095BC51D7,Ignition switch power source circuit,Repair Manual,Engine,,,complete,2,0,2,0,1247,623.5,1,0,0,,2026-07-18 07:11:24
TEA-RM-B12AA3297D,TERMINALS OF ECU,Repair Manual,Engine,,,complete,1,0,1,0,980,980.0,1,0,0,,2026-07-18 07:11:24
TEA-RM-B196AA4CCD,INSPECTION,Repair Manual,General,,,complete,1,0,1,0,148,148.0,1,0,0,,2026-07-18 07:11:24
TEA-RM-B1F63477DF,LOCATION,Repair Manual,Body,,,complete,1,0,1,0,409,409.0,1,0,0,,2026-07-18 07:11:24
TEA-RM-B1F9A45C2D,REPLACEMENT,Repair Manual,General,,,complete,1,0,1,0,495,495.0,1,0,0,,2026-07-18 07:11:24
TEA-RM-B21DD3E79C,COMPONENTS,Repair Manual,Suspension,,,complete,1,0,1,0,229,229.0,1,0,0,,2026-07-18 07:11:24
TEA-RM-B25098DE19,REPLACEMENT,Repair Manual,Chassis,,,complete,2,0,2,0,1087,543.5,1,0,0,,2026-07-18 07:11:24
TEA-RM-B2643E7E4B,COMPONENTS,Repair Manual,General,,,complete,1,0,1,0,254,254.0,1,0,0,,2026-07-18 07:11:24
TEA-RM-B27A0E8375,Check for Fluid Leakage,Repair Manual,Brake,,,complete,1,0,1,0,167,167.0,1,0,0,,2026-07-18 07:11:24
TEA-RM-B2EC764E6D,PARTS LOCATION,Repair Manual,General,,,complete,1,0,1,0,405,405.0,1,0,0,,2026-07-18 07:11:24
TEA-RM-B32669B2F5,INSPECTION,Repair Manual,General,,,complete,1,0,1,0,334,334.0,1,0,0,,2026-07-18 07:11:24
TEA-RM-B341C8DAA6,BLEEDING,Repair Manual,Steering,,,complete,1,0,1,0,877,877.0,1,0,0,,2026-07-18 07:11:24
TEA-RM-B393769BAF,REMOVAL,Repair Manual,Brake,,,complete,2,0,2,0,1778,889.0,1,0,0,,2026-07-18 07:11:24
TEA-RM-B4454E0C7D,INSTALLATION,Repair Manual,Body,,,complete,1,0,1,0,496,496.0,1,0,0,,2026-07-18 07:11:24
TEA-RM-B478273FBE,ADJUSTMENT,Repair Manual,Body,,,complete,2,0,2,0,1537,768.5,1,0,0,,2026-07-18 07:11:25
TEA-RM-B49746D730,B1140/32,Repair Manual,General,,,complete,8,0,8,0,7899,987.375,1,0,0,,2026-07-18 07:11:25
TEA-RM-B49C8B032C,PROBLEM SYMPTOMS TABLE,Repair Manual,Suspension,,,complete,1,0,1,0,1788,1788.0,1,0,0,,2026-07-18 07:11:25
TEA-RM-B510A36306,Slide Power Seat Motor and Position Sensor Circuit,Repair Manual,General,,,complete,2,0,2,0,1171,585.5,1,0,0,,2026-07-18 07:11:25
TEA-RM-B538563D71,B1232 / 32,Repair Manual,General,,,complete,1,0,1,0,960,960.0,1,0,0,,2026-07-18 07:11:25
TEA-RM-B5465DA069,Ts Terminal Circuit,Repair Manual,Brake,,,complete,2,0,2,0,1267,633.5,1,0,0,,2026-07-18 07:11:25
TEA-RM-B561B92D37,RECOMMENDED TOOLS,Repair Manual,Suspension,,,complete,1,0,1,0,315,315.0,1,0,0,,2026-07-18 07:11:25
TEA-RM-B56B393B8A,OPERATION,Repair Manual,Transmission,,A343E,complete,1,0,1,0,949,949.0,1,0,0,,2026-07-18 07:11:25
TEA-RM-B5DD58428A,83,Repair Manual,Suspension,,,complete,2,0,2,0,2034,1017.0,1,0,0,,2026-07-18 07:11:25
TEA-RM-B61929BCDC,LOCATION,Repair Manual,Body,,,complete,1,0,1,0,1015,1015.0,1,0,0,,2026-07-18 07:11:25
TEA-RM-B63A09E1CD,ON-VEHICLE INSPECTION ( 2001.12 - ) [ Only for Hong Kong ],Repair Manual,Brake,,,complete,1,0,1,0,1960,1960.0,1,0,0,,2026-07-18 07:11:25
TEA-RM-B645DD0BFD,ABBREVIATIONS USED IN THIS MANUAL ( 2001.12 - ) [ Only for Hong Kong ],Repair Manual,General,,,complete,4,0,4,0,3321,830.25,1,0,0,,2026-07-18 07:11:25
TEA-RM-B68E5A034E,Jam protection pulse switch circuit,Repair Manual,Body,,,complete,2,0,2,0,918,459.0,1,0,0,,2026-07-18 07:11:25
TEA-RM-B75B9FB6BA,REMOVAL,Repair Manual,Electrical,,,complete,2,0,2,0,2450,1225.0,1,0,0,,2026-07-18 07:11:25
TEA-RM-B77A592B64,PRE-CHECK,Repair Manual,Suspension,,,complete,6,0,6,0,8662,1443.6666666666667,1,0,0,,2026-07-18 07:11:25
TEA-RM-B7CB40D54C,C1202 / 52,Repair Manual,Brake,,,complete,2,0,2,0,1712,856.0,1,0,0,,2026-07-18 07:11:25
TEA-RM-B7E0F4C5FB,B0106/54,Repair Manual,General,,,complete,3,0,3,0,3447,1149.0,1,0,0,,2026-07-18 07:11:25
TEA-RM-B7FE05DE5F,REMOVAL,Repair Manual,Electrical,,,complete,1,0,1,0,1293,1293.0,1,0,0,,2026-07-18 07:11:25
TEA-RM-B86BE2FDBF,SSM (Special Service Materials),Repair Manual,Transmission,,A343E,complete,1,0,1,0,243,243.0,1,0,0,,2026-07-18 07:11:25
TEA-RM-B872323187,23,Repair Manual,General,,,complete,3,0,3,0,2141,713.6666666666666,1,0,0,,2026-07-18 07:11:25
TEA-RM-B881BBD045,REASSEMBLY,Repair Manual,Body,,,complete,5,0,5,0,4937,987.4,1,0,0,,2026-07-18 07:11:25
TEA-RM-B8861E64BA,11 - 14,Repair Manual,Suspension,,,complete,6,0,6,0,5780,963.3333333333334,1,0,0,,2026-07-18 07:11:25
TEA-RM-B893CF4B1E,COMPONENTS,Repair Manual,Suspension,,,complete,1,0,1,0,861,861.0,1,0,0,,2026-07-18 07:11:25
TEA-RM-B8A4964AE2,B1212 / 12,Repair Manual,General,,,complete,2,0,2,0,1579,789.5,1,0,0,,2026-07-18 07:11:25
TEA-RM-B8E7A19A44,LUBRICANT ( 2001.12 - ) [ Only for Hong Kong ],Repair Manual,Brake,,,complete,1,0,1,0,139,139.0,1,0,0,,2026-07-18 07:11:25
TEA-RM-B90B137993,GENERAL INFORMATION,Repair Manual,General,,,complete,4,0,4,0,5415,1353.75,1,0,0,,2026-07-18 07:11:25
TEA-RM-B910C39969,CUSTOMER PROBLEM ANALYSIS CHECK,Repair Manual,Electrical,,,complete,1,0,1,0,1597,1597.0,1,0,0,,2026-07-18 07:11:25
TEA-RM-B927C21657,REMOVAL,Repair Manual,Body,,,complete,1,0,1,0,266,266.0,1,0,0,,2026-07-18 07:11:25
TEA-RM-B94977C64E,COMPONENTS,Repair Manual,Suspension,,,complete,1,0,1,0,327,327.0,1,0,0,,2026-07-18 07:11:25
TEA-RM-B97FBB6388,PARTS LOCATION,Repair Manual,Brake,,,complete,1,0,1,0,472,472.0,1,0,0,,2026-07-18 07:11:25
TEA-RM-B9AEA9AEC3,SPECIFIED TORQUE FOR STANDARD BOLTS ( 2001.12 - ) [ Only for Hong Kong ],Repair Manual,General,,,pending,,,,,,,,,,,
TEA-RM-B9CEED378E,LOCATION,Repair Manual,Engine,,,complete,1,0,1,0,276,276.0,1,0,0,,2026-07-18 07:11:26
TEA-RM-B9F90857EC,C1232 / 32,Repair Manual,Brake,,,complete,2,0,2,0,1742,871.0,1,0,0,,2026-07-18 07:11:26
TEA-RM-BA54445CE2,Luggage lid opener motor circuit,Repair Manual,Body,,,complete,1,0,1,0,655,655.0,1,0,0,,2026-07-18 07:11:26
TEA-RM-BA5C94B15B,C1224 / 44,Repair Manual,Brake,,,complete,2,0,2,0,1768,884.0,1,0,0,,2026-07-18 07:11:26
TEA-RM-BA8EFB4F2A,COMPONENTS,Repair Manual,Body,,,complete,1,0,1,0,266,266.0,1,0,0,,2026-07-18 07:11:26
TEA-RM-BA9C5F8368,INSTALLATION,Repair Manual,Brake,,,complete,1,0,1,0,268,268.0,1,0,0,,2026-07-18 07:11:26
TEA-RM-BAD256C94F,B0131/64,Repair Manual,General,,,complete,3,0,3,0,3461,1153.6666666666667,1,0,0,,2026-07-18 07:11:26
TEA-RM-BAFA7016B5,B1221 / 21,Repair Manual,General,,,complete,2,0,2,0,1867,933.5,1,0,0,,2026-07-18 07:11:26
TEA-RM-BCAABED547,INSPECTION,Repair Manual,Suspension,,,complete,1,0,1,0,511,511.0,1,0,0,,2026-07-18 07:11:26
TEA-RM-BCDA572654,LOCATION,Repair Manual,Body,,,complete,1,0,1,0,376,376.0,1,0,0,,2026-07-18 07:11:26
TEA-RM-BCEB114E69,REPLACEMENT,Repair Manual,Brake,,,complete,2,0,2,0,2270,1135.0,1,0,0,,2026-07-18 07:11:26
TEA-RM-BD0BF65243,INSPECTION,Repair Manual,Body,,,complete,3,0,3,0,3687,1229.0,1,0,0,,2026-07-18 07:11:26
TEA-RM-BD3CE357FE,ADJUSTMENT,Repair Manual,Body,,,complete,1,0,1,0,316,316.0,1,0,0,,2026-07-18 07:11:26
TEA-RM-BDE14582B9,ADJUSTMENT,Repair Manual,Electrical,,,complete,1,0,1,0,918,918.0,1,0,0,,2026-07-18 07:11:26
TEA-RM-BE66C81BB4,PARTS LOCATION,Repair Manual,General,,,complete,2,0,2,0,1324,662.0,1,0,0,,2026-07-18 07:11:26
TEA-RM-BEAB669F55,INSPECTION,Repair Manual,Body,,,complete,1,0,1,0,765,765.0,1,0,0,,2026-07-18 07:11:26
TEA-RM-BEE35CA0ED,COMPONENTS,Repair Manual,Electrical,,,complete,1,0,1,0,650,650.0,1,0,0,,2026-07-18 07:11:26
TEA-RM-BF5B406C40,CUSTOMER PROBLEM ANALYSIS CHECK,Repair Manual,General,,,complete,1,0,1,0,1044,1044.0,1,0,0,,2026-07-18 07:11:26
TEA-RM-C0172BCC9C,C1210 / 36,Repair Manual,Brake,,,complete,2,0,2,0,1725,862.5,1,0,0,,2026-07-18 07:11:26
TEA-RM-C03C6EA87A,COMPONENTS,Repair Manual,Brake,,,complete,1,0,1,0,267,267.0,1,0,0,,2026-07-18 07:11:26
TEA-RM-C07EDE38EB,INSPECTION,Repair Manual,Body,,,complete,2,0,2,0,2843,1421.5,1,0,0,,2026-07-18 07:11:26
TEA-RM-C0C484DD02,Power source circuit,Repair Manual,Body,,,complete,4,0,4,0,1967,491.75,1,0,0,,2026-07-18 07:11:26
TEA-RM-C0C9078534,Telescopic Position Sensor Circuit,Repair Manual,Steering,,,complete,2,0,2,0,2233,1116.5,1,0,0,,2026-07-18 07:11:26
TEA-RM-C0D72966FA,RECOMMENDED TOOLS,Repair Manual,Chassis,,,complete,1,0,1,0,116,116.0,1,0,0,,2026-07-18 07:11:26
TEA-RM-C0F1DAEEF0,INSTALLATION,Repair Manual,Transmission,,A343E,complete,1,0,1,0,951,951.0,1,0,0,,2026-07-18 07:11:26
TEA-RM-C0F808763B,75,Repair Manual,Suspension,,,complete,1,0,1,0,1005,1005.0,1,0,0,,2026-07-18 07:11:26
TEA-RM-C1542E7E45,"13, 14",Repair Manual,Brake,,,complete,3,0,3,0,3145,1048.3333333333333,1,0,0,,2026-07-18 07:11:26
TEA-RM-C1A0D67F5F,ON-VEHICLE INSPECTION,Repair Manual,Suspension,,,complete,1,0,1,0,623,623.0,1,0,0,,2026-07-18 07:11:26
TEA-RM-C1A1C5F297,INSPECTION,Repair Manual,Body,,,complete,1,0,1,0,1126,1126.0,1,0,0,,2026-07-18 07:11:26
TEA-RM-C2438616CA,"C0273 / 13, C0274 / 14",Repair Manual,Brake,,,complete,4,0,4,0,3548,887.0,1,0,0,,2026-07-18 07:11:26
TEA-RM-C275524A37,INSPECTION,Repair Manual,Electrical,,,complete,3,0,3,0,3269,1089.6666666666667,1,0,0,,2026-07-18 07:11:26
TEA-RM-C27D4CBFB2,DISPOSAL,Repair Manual,Engine,,,complete,1,0,1,0,418,418.0,1,0,0,,2026-07-18 07:11:26
TEA-RM-C3D2E5227E,B1170/93,Repair Manual,General,,,complete,4,0,4,0,3766,941.5,1,0,0,,2026-07-18 07:11:26
TEA-RM-C4274D8B0A,INSPECTION,Repair Manual,Chassis,,,complete,1,0,1,0,655,655.0,1,0,0,,2026-07-18 07:11:26
TEA-RM-C4BDDC8CA1,PROBLEM SYMPTOMS TABLE,Repair Manual,General,,,complete,1,0,1,0,2847,2847.0,1,0,0,,2026-07-18 07:11:26
TEA-RM-C4FCD6578D,PROBLEM SYMPTOMS TABLE,Repair Manual,Body,,,complete,1,0,1,0,2062,2062.0,1,0,0,,2026-07-18 07:11:27
TEA-RM-C500C08A63,INSTALLATION,Repair Manual,Body,,,complete,2,0,2,0,1927,963.5,1,0,0,,2026-07-18 07:11:27
TEA-RM-C54BA44F77,REASSEMBLY,Repair Manual,Body,,,complete,1,0,1,0,130,130.0,1,0,0,,2026-07-18 07:11:27
TEA-RM-C5629D75A1,REASSEMBLY,Repair Manual,Body,,,complete,1,0,1,0,154,154.0,1,0,0,,2026-07-18 07:11:27
TEA-RM-C5EB3CFAF3,Power source circuit,Repair Manual,General,,,complete,2,0,2,0,1265,632.5,1,0,0,,2026-07-18 07:11:27
TEA-RM-C630F86EA9,COMPONENTS,Repair Manual,Electrical,,,complete,1,0,1,0,300,300.0,1,0,0,,2026-07-18 07:11:27
TEA-RM-C6A6777E65,REMOVAL,Repair Manual,Engine,,,complete,2,0,2,0,2233,1116.5,1,0,0,,2026-07-18 07:11:27
TEA-RM-C6F5D9FC92,21 - 24,Repair Manual,Suspension,,,complete,6,0,6,0,6004,1000.6666666666666,1,0,0,,2026-07-18 07:11:27
TEA-RM-C7736764E0,INSTALLATION,Repair Manual,Suspension,,,complete,1,0,1,0,626,626.0,1,0,0,,2026-07-18 07:11:27
TEA-RM-C785BC314F,SERVICE DATA,Repair Manual,Brake,,,complete,1,0,1,0,1609,1609.0,1,0,0,,2026-07-18 07:11:27
TEA-RM-C79D320753,REMOVAL,Repair Manual,Electrical,,,complete,1,0,1,0,1461,1461.0,1,0,0,,2026-07-18 07:11:27
TEA-RM-C7DB2F552B,13,Repair Manual,General,,,complete,3,0,3,0,2008,669.3333333333334,1,0,0,,2026-07-18 07:11:27
TEA-RM-C80B487F57,Actuator Power Source Circuit,Repair Manual,Steering,,,complete,2,0,2,0,1470,735.0,1,0,0,,2026-07-18 07:11:27
TEA-RM-C83AF953B7,Rear Blower Motor Circuit,Repair Manual,General,,,complete,3,0,3,0,1567,522.3333333333334,1,0,0,,2026-07-18 07:11:27
TEA-RM-C867DEB4EB,TORQUE SPECIFICATION,Repair Manual,Chassis,,,complete,1,0,1,0,606,606.0,1,0,0,,2026-07-18 07:11:27
TEA-RM-C8A621F251,CUSTOMER PROBLEM ANALYSIS CHECK,Repair Manual,General,,,complete,1,0,1,0,703,703.0,1,0,0,,2026-07-18 07:11:27
TEA-RM-C8B916A5F2,ON-VEHICLE INSPECTION,Repair Manual,Brake,,,complete,1,0,1,0,857,857.0,1,0,0,,2026-07-18 07:11:27
TEA-RM-C8C5E8C934,LOCATION,Repair Manual,General,,,complete,2,0,2,0,793,396.5,1,0,0,,2026-07-18 07:11:27
TEA-RM-C96A6AB463,B1171/94,Repair Manual,General,,,complete,3,0,3,0,3531,1177.0,1,0,0,,2026-07-18 07:11:27
TEA-RM-C9849C3945,EQUIPMENT ( 2001.12 - ) [ Only for Hong Kong ],Repair Manual,Brake,,,complete,1,0,1,0,78,78.0,1,0,0,,2026-07-18 07:11:27
TEA-RM-C99708E557,PARTS LOCATION,Repair Manual,General,,,complete,1,0,1,0,300,300.0,1,0,0,,2026-07-18 07:11:27
TEA-RM-C9FB5C81FF,LOCATION,Repair Manual,Electrical,,,complete,1,0,1,0,314,314.0,1,0,0,,2026-07-18 07:11:27
TEA-RM-CAC51A277D,6. Intensity of meter and pointer illuminations does not change by adjusting the light control rheostat.,Repair Manual,Electrical,,,pending,,,,,,,,,,,
TEA-RM-CAF1EED5E2,P1755/68,Repair Manual,Transmission,,A343E,complete,3,0,3,0,2602,867.3333333333334,1,0,0,,2026-07-18 07:11:27
TEA-RM-CB121A8040,INSPECTION,Repair Manual,Body,,,complete,1,0,1,0,808,808.0,1,0,0,,2026-07-18 07:11:27
TEA-RM-CB47CB235F,B0102/11,Repair Manual,General,,,complete,4,0,4,0,4660,1165.0,1,0,0,,2026-07-18 07:11:27
TEA-RM-CB5A6E33DA,Diagnosis Circuit,Repair Manual,Engine,1GZ-FE,,complete,2,0,2,0,858,429.0,1,0,0,,2026-07-18 07:11:27
TEA-RM-CBF99E36B7,INSPECTION,Repair Manual,Brake,,,complete,2,0,2,0,2603,1301.5,1,0,0,,2026-07-18 07:11:27
TEA-RM-CBFB9B9C5D,All door courtesy signal circuit,Repair Manual,Body,,,complete,2,0,2,0,918,459.0,1,0,0,,2026-07-18 07:11:27
TEA-RM-CBFEA50E4A,EQUIPMENT,Repair Manual,Chassis,,,complete,1,0,1,0,116,116.0,1,0,0,,2026-07-18 07:11:27
TEA-RM-CC0F7C1E10,Wireless door lock buzzer circuit,Repair Manual,Body,,,complete,3,0,3,0,1385,461.6666666666667,1,0,0,,2026-07-18 07:11:27
TEA-RM-CCBFE90D30,3. The entire meter does not operate (partial normal operations).,Repair Manual,Electrical,,,complete,1,0,1,0,794,794.0,1,0,0,,2026-07-18 07:11:27
TEA-RM-CD2B522B19,PRE-CHECK,Repair Manual,General,,,complete,6,0,6,0,6003,1000.5,1,0,0,,2026-07-18 07:11:28
TEA-RM-CD4D7D27E6,EQUIPMENT,Repair Manual,Body,,,complete,1,0,1,0,544,544.0,1,0,0,,2026-07-18 07:11:28
TEA-RM-CD8616235A,COMPONENTS,Repair Manual,Body,,,complete,1,0,1,0,944,944.0,1,0,0,,2026-07-18 07:11:28
TEA-RM-CDA6E98A40,REMOVAL,Repair Manual,Engine,,,complete,1,0,1,0,1269,1269.0,1,0,0,,2026-07-18 07:11:28
TEA-RM-CDBB36FAAC,PRE-CHECK,Repair Manual,Body,,,complete,5,0,5,0,7166,1433.2,1,0,0,,2026-07-18 07:11:28
TEA-RM-CDE1AA7A7A,Headlight relay circuit,Repair Manual,Body,,,complete,2,0,2,0,1691,845.5,1,0,0,,2026-07-18 07:11:28
TEA-RM-CE421137FA,LOCATION,Repair Manual,Body,,,complete,1,0,1,0,712,712.0,1,0,0,,2026-07-18 07:11:28
TEA-RM-CE42B6102D,Tilt Position Sensor Circuit,Repair Manual,Steering,,,complete,2,0,2,0,1999,999.5,1,0,0,,2026-07-18 07:11:28
TEA-RM-CE5E902DB6,B0113/42,Repair Manual,General,,,complete,3,0,3,0,3711,1237.0,1,0,0,,2026-07-18 07:11:28
TEA-RM-CF2AEB5FCE,REMOVAL,Repair Manual,General,,,complete,1,0,1,0,326,326.0,1,0,0,,2026-07-18 07:11:28
TEA-RM-CF567CD237,INSPECTION,Repair Manual,Electrical,,,complete,3,0,3,0,3765,1255.0,1,0,0,,2026-07-18 07:11:28
TEA-RM-CF83493704,DIAGNOSTIC TROUBLE CODE CHART,Repair Manual,Brake,,,complete,2,0,2,0,2740,1370.0,1,0,0,,2026-07-18 07:11:28
TEA-RM-CF895D5D1E,SST (Special Service Tools),Repair Manual,General,,,complete,2,0,2,0,855,427.5,1,0,0,,2026-07-18 07:11:28
TEA-RM-CFEC55BD7C,INSPECTION,Repair Manual,Suspension,,,complete,1,0,1,0,513,513.0,1,0,0,,2026-07-18 07:11:28
TEA-RM-D0092CC025,REMOVAL,Repair Manual,Suspension,,,complete,1,0,1,0,733,733.0,1,0,0,,2026-07-18 07:11:28
TEA-RM-D04FC9E172,B0103/12,Repair Manual,General,,,complete,4,0,4,0,4775,1193.75,1,0,0,,2026-07-18 07:11:28
TEA-RM-D0775AE0AA,REMOVAL,Repair Manual,Suspension,,,complete,2,0,2,0,1387,693.5,1,0,0,,2026-07-18 07:11:28
TEA-RM-D0974EF191,INSTALLATION,Repair Manual,Suspension,,,complete,1,0,1,0,503,503.0,1,0,0,,2026-07-18 07:11:28
TEA-RM-D0D6F7E3C6,ON-VEHICLE REPAIR,Repair Manual,Transmission,,A343E,complete,6,0,6,0,4597,766.1666666666666,1,0,0,,2026-07-18 07:11:28
TEA-RM-D17736BC67,REMOVAL,Repair Manual,Transmission,,A343E,complete,2,0,2,0,532,266.0,1,0,0,,2026-07-18 07:11:28
TEA-RM-D1A8901F67,REASSEMBLY,Repair Manual,Steering,,,complete,2,0,2,0,3041,1520.5,1,0,0,,2026-07-18 07:11:28
TEA-RM-D25DD55F97,ON-VEHICLE INSPECTION,Repair Manual,Engine,,,complete,1,0,1,0,731,731.0,1,0,0,,2026-07-18 07:11:28
TEA-RM-D2CE9F7944,INSPECTION,Repair Manual,Engine,,,complete,1,0,1,0,257,257.0,1,0,0,,2026-07-18 07:11:28
TEA-RM-D2E180ADF1,REMOVAL,Repair Manual,Chassis,,,complete,2,0,2,0,2426,1213.0,1,0,0,,2026-07-18 07:11:29
TEA-RM-D308D6CBF6,9. Water temperature gauge stays at the same position or does not function correctly.,Repair Manual,Electrical,,,pending,,,,,,,,,,,
TEA-RM-D34EB9BEB7,Power window switch circuit,Repair Manual,Body,,,complete,3,0,3,0,1435,478.3333333333333,1,0,0,,2026-07-18 07:11:29
TEA-RM-D38CE05EB6,PROBLEM SYMPTOMS TABLE,Repair Manual,Body,,,complete,1,0,1,0,2053,2053.0,1,0,0,,2026-07-18 07:11:29
TEA-RM-D3D6CDC518,Always ON,Repair Manual,Brake,,,complete,5,0,5,0,3334,666.8,1,0,0,,2026-07-18 07:11:29
TEA-RM-D406E03CE3,REMOVAL,Repair Manual,Body,,,complete,7,0,7,0,6157,879.5714285714286,1,0,0,,2026-07-18 07:11:29
TEA-RM-D421524EC5,SERVICE DATA,Repair Manual,Chassis,,,complete,1,0,1,0,505,505.0,1,0,0,,2026-07-18 07:11:29
TEA-RM-D48DF158A3,INSTALLATION ( 2001.12 - ) [ Only for Hong Kong ],Repair Manual,Brake,,,complete,1,0,1,0,286,286.0,1,0,0,,2026-07-18 07:11:29
TEA-RM-D490178E43,COMPONENTS,Repair Manual,Suspension,,,complete,1,0,1,0,278,278.0,1,0,0,,2026-07-18 07:11:29
TEA-RM-D5613D80F8,COMPONENTS,Repair Manual,Body,,,complete,2,0,2,0,1070,535.0,1,0,0,,2026-07-18 07:11:29
TEA-RM-D5B57501DE,REMOVAL,Repair Manual,Body,,,complete,3,0,3,0,2865,955.0,1,0,0,,2026-07-18 07:11:29
TEA-RM-D5C3B32442,REMOVAL,Repair Manual,Body,,,complete,2,0,2,0,1423,711.5,1,0,0,,2026-07-18 07:11:29
TEA-RM-D5D668E735,B1176/98,Repair Manual,General,,,complete,3,0,3,0,3545,1181.6666666666667,1,0,0,,2026-07-18 07:11:29
TEA-RM-D63CA3DA87,EQUIPMENT,Repair Manual,General,,,complete,1,0,1,0,395,395.0,1,0,0,,2026-07-18 07:11:29
TEA-RM-D6DE657848,INSPECTION,Repair Manual,Chassis,,,complete,2,0,2,0,1711,855.5,1,0,0,,2026-07-18 07:11:29
TEA-RM-D76EB56BAD,INSPECTION,Repair Manual,Body,,,complete,2,0,2,0,2632,1316.0,1,0,0,,2026-07-18 07:11:29
TEA-RM-D7722430D5,Wiper motor circuit,Repair Manual,Body,,,complete,2,0,2,0,1282,641.0,1,0,0,,2026-07-18 07:11:29
TEA-RM-D7EFB0A306,DESCRIPTION,Repair Manual,Electrical,,,complete,3,0,3,0,5029,1676.3333333333333,1,0,0,,2026-07-18 07:11:29
TEA-RM-D8041872EE,COMPONENTS,Repair Manual,Brake,,,complete,1,0,1,0,203,203.0,1,0,0,,2026-07-18 07:11:29
TEA-RM-D92F507014,VEHICLE IDENTIFICATION AND ENGINE SERIAL NUMBER ( 2001.12 - ) [ Only for Hong Kong ],Repair Manual,Engine,1GZ-FE,,pending,,,,,,,,,,,
TEA-RM-D94FB9F2C7,REMOVAL,Repair Manual,General,,,complete,1,0,1,0,785,785.0,1,0,0,,2026-07-18 07:11:29
TEA-RM-D99D45D243,REPLACEMENT,Repair Manual,Electrical,,,complete,1,0,1,0,972,972.0,1,0,0,,2026-07-18 07:11:29
TEA-RM-D9C17F21E8,DIAGNOSTIC TROUBLE CODE CHART,Repair Manual,Brake,,,pending,,,,,,,,,,,
TEA-RM-D9FB595948,REMOVAL,Repair Manual,Engine,,,complete,2,0,2,0,1625,812.5,1,0,0,,2026-07-18 07:11:29
TEA-RM-DA0004E840,DISASSEMBLY,Repair Manual,Body,,,complete,7,0,7,0,5027,718.1428571428571,1,0,0,,2026-07-18 07:11:29
TEA-RM-DA04099C3F,"13. Ambient temperature indication remains at ”#176;C”, ”--°C”.",Repair Manual,Electrical,,,complete,1,0,1,0,971,971.0,1,0,0,,2026-07-18 07:11:29
TEA-RM-DAA06562AD,LUBRICANT,Repair Manual,Steering,,,complete,1,0,1,0,178,178.0,1,0,0,,2026-07-18 07:11:29
TEA-RM-DAC4177C13,COMPONENTS,Repair Manual,Suspension,,,complete,1,0,1,0,238,238.0,1,0,0,,2026-07-18 07:11:29
TEA-RM-DC36AF96E5,Telephone transceiver and speaker relay,Repair Manual,General,,,complete,2,0,2,0,904,452.0,1,0,0,,2026-07-18 07:11:29
TEA-RM-DCA5E1BE17,Transmission Control Switch Circuit,Repair Manual,Transmission,,A343E,complete,3,0,3,0,2363,787.6666666666666,1,0,0,,2026-07-18 07:11:29
TEA-RM-DCCD517D4B,COMPONENTS,Repair Manual,Electrical,,,complete,2,0,2,0,479,239.5,1,0,0,,2026-07-18 07:11:29
TEA-RM-DCDCC2BCAF,HOW TO PROCEED WITH TROUBLESHOOTING,Repair Manual,General,,,complete,1,0,1,0,990,990.0,1,0,0,,2026-07-18 07:11:29
TEA-RM-DCEEBD3F62,Cornering light relay circuit,Repair Manual,Body,,,complete,2,0,2,0,944,472.0,1,0,0,,2026-07-18 07:11:29
TEA-RM-DDB1B8C793,Door courtesy light and courtesy switch circuit,Repair Manual,Body,,,complete,3,0,3,0,2153,717.6666666666666,1,0,0,,2026-07-18 07:11:30
TEA-RM-DDB3671E1B,INSTALLATION,Repair Manual,Suspension,,,complete,1,0,1,0,1194,1194.0,1,0,0,,2026-07-18 07:11:30
TEA-RM-DDCE593618,TORQUE SPECIFICATION,Repair Manual,Transmission,,A343E,complete,1,0,1,0,1721,1721.0,1,0,0,,2026-07-18 07:11:30
TEA-RM-DE1004B79A,LOCATION,Repair Manual,Electrical,,,complete,2,0,2,0,656,328.0,1,0,0,,2026-07-18 07:11:30
TEA-RM-DE4399E553,CUSTOMER PROBLEM ANALYSIS CHECK,Repair Manual,General,,,complete,1,0,1,0,827,827.0,1,0,0,,2026-07-18 07:11:30
TEA-RM-DE7E091A20,INSTALLATION,Repair Manual,General,,,complete,1,0,1,0,141,141.0,1,0,0,,2026-07-18 07:11:30
TEA-RM-DE7E44CD10,REASSEMBLY,Repair Manual,Steering,,,complete,6,0,6,0,7344,1224.0,1,0,0,,2026-07-18 07:11:30
TEA-RM-DE9A9B4F9A,INSTALLATION,Repair Manual,Suspension,,,complete,1,0,1,0,940,940.0,1,0,0,,2026-07-18 07:11:30
TEA-RM-DEF0F08308,REASSEMBLY,Repair Manual,Body,,,complete,8,0,8,0,6475,809.375,1,0,0,,2026-07-18 07:11:30
TEA-RM-DEF79600B3,Back Up Power Source Circuit,Repair Manual,General,,,complete,2,0,2,0,1312,656.0,1,0,0,,2026-07-18 07:11:30
TEA-RM-DF0E7555A9,INSPECTION,Repair Manual,Electrical,,,complete,14,0,14,0,17819,1272.7857142857142,1,0,0,,2026-07-18 07:11:30
TEA-RM-DFE7EABD8B,Licence plate light circuit,Repair Manual,General,,,complete,2,0,2,0,1053,526.5,1,0,0,,2026-07-18 07:11:30
TEA-RM-E06B528FB6,REMOVAL,Repair Manual,Body,,,complete,2,0,2,0,1855,927.5,1,0,0,,2026-07-18 07:11:30
TEA-RM-E07741FC7F,REMOVAL,Repair Manual,Chassis,,,complete,2,0,2,0,1090,545.0,1,0,0,,2026-07-18 07:11:30
TEA-RM-E091B7A39D,HOW TO PROCEED WITH TROUBLESHOOTING,Repair Manual,Brake,,,pending,,,,,,,,,,,
TEA-RM-E0A1406B7C,Power window motor circuit,Repair Manual,Body,,,complete,2,0,2,0,747,373.5,1,0,0,,2026-07-18 07:11:30
TEA-RM-E0B1155166,REASSEMBLY,Repair Manual,Suspension,,,complete,3,0,3,0,4124,1374.6666666666667,1,0,0,,2026-07-18 07:11:30
TEA-RM-E0F862D11D,Parking brake switch circuit,Repair Manual,Brake,,,complete,2,0,2,0,986,493.0,1,0,0,,2026-07-18 07:11:30
TEA-RM-E12292940A,HOW TO PROCEED WITH TROUBLESHOOTING,Repair Manual,General,,,complete,1,0,1,0,898,898.0,1,0,0,,2026-07-18 07:11:30
TEA-RM-E174A26C8D,DIAGNOSTIC TROUBLE CODE CHART,Repair Manual,General,,,complete,3,0,3,0,5092,1697.3333333333333,1,0,0,,2026-07-18 07:11:30
TEA-RM-E182CBCBC2,PROBLEM SYMPTOMS TABLE,Repair Manual,Suspension,,,complete,2,0,2,0,3053,1526.5,1,0,0,,2026-07-18 07:11:30
TEA-RM-E19084FFFB,Door unlock detection switch,Repair Manual,Body,,,complete,2,0,2,0,1340,670.0,1,0,0,,2026-07-18 07:11:30
TEA-RM-E1BB4F7DF5,REMOVAL,Repair Manual,Body,,,complete,1,0,1,0,502,502.0,1,0,0,,2026-07-18 07:11:30
TEA-RM-E1E511F286,DISPOSAL,Repair Manual,Steering,,,complete,8,0,8,0,10962,1370.25,1,0,0,,2026-07-18 07:11:30
TEA-RM-E2366EF983,INSPECTION,Repair Manual,General,,,complete,1,0,1,0,714,714.0,1,0,0,,2026-07-18 07:11:30
TEA-RM-E24D8148CE,REMOVAL,Repair Manual,Engine,,,complete,1,0,1,0,1068,1068.0,1,0,0,,2026-07-18 07:11:30
TEA-RM-E300F3ABDF,REMOVAL,Repair Manual,Engine,,,complete,1,0,1,0,1005,1005.0,1,0,0,,2026-07-18 07:11:30
TEA-RM-E323EED112,PARTS LOCATION,Repair Manual,Steering,,,complete,1,0,1,0,272,272.0,1,0,0,,2026-07-18 07:11:30
TEA-RM-E32F87300B,REMOVAL,Repair Manual,Electrical,,,complete,1,0,1,0,873,873.0,1,0,0,,2026-07-18 07:11:30
TEA-RM-E3AB536505,PROBLEM SYMPTOMS TABLE,Repair Manual,General,,,complete,1,0,1,0,722,722.0,1,0,0,,2026-07-18 07:11:30
TEA-RM-E3CEBD5447,Rear fog light switch circuit,Repair Manual,Body,,,complete,3,0,3,0,1224,408.0,1,0,0,,2026-07-18 07:11:30
TEA-RM-E40BB2DEF7,INSTALLATION,Repair Manual,Body,,,complete,5,0,5,0,5024,1004.8,1,0,0,,2026-07-18 07:11:30
TEA-RM-E43045C178,LUBRICANT,Repair Manual,Brake,,,complete,1,0,1,0,137,137.0,1,0,0,,2026-07-18 07:11:31
TEA-RM-E46963E5A8,Ignition Switch Circuit,Repair Manual,Steering,,,complete,2,0,2,0,1292,646.0,1,0,0,,2026-07-18 07:11:31
TEA-RM-E47C11E4F8,Power source circuit,Repair Manual,General,,,complete,2,0,2,0,1372,686.0,1,0,0,,2026-07-18 07:11:31
TEA-RM-E48422BB34,Power window motor circuit,Repair Manual,Body,,,complete,2,0,2,0,752,376.0,1,0,0,,2026-07-18 07:11:31
TEA-RM-E4C7A4F1E7,DIAGNOSTIC TROUBLE CODE CHART,Repair Manual,Electrical,,,complete,1,0,1,0,705,705.0,1,0,0,,2026-07-18 07:11:31
TEA-RM-E52191A4DA,REMOVAL,Repair Manual,Suspension,,,complete,1,0,1,0,501,501.0,1,0,0,,2026-07-18 07:11:31
TEA-RM-E541CA3D2F,REMOVAL,Repair Manual,Transmission,,A343E,complete,1,0,1,0,907,907.0,1,0,0,,2026-07-18 07:11:31
TEA-RM-E5822EA544,INSTALLATION,Repair Manual,Brake,,,complete,1,0,1,0,214,214.0,1,0,0,,2026-07-18 07:11:31
TEA-RM-E5C1EB4727,INSTALLATION,Repair Manual,Electrical,,,complete,1,0,1,0,165,165.0,1,0,0,,2026-07-18 07:11:31
TEA-RM-E611D47F70,DISASSEMBLY,Repair Manual,Electrical,,,complete,1,0,1,0,703,703.0,1,0,0,,2026-07-18 07:11:31
TEA-RM-E633FEA730,INSPECTION,Repair Manual,Suspension,,,complete,1,0,1,0,485,485.0,1,0,0,,2026-07-18 07:11:31
TEA-RM-E68E2BB8D1,B0130/63,Repair Manual,General,,,complete,4,0,4,0,3714,928.5,1,0,0,,2026-07-18 07:11:31
TEA-RM-E6D066CC0D,Neutral Start Switch Circuit,Repair Manual,Steering,,,complete,2,0,2,0,1658,829.0,1,0,0,,2026-07-18 07:11:31
TEA-RM-E6F656A253,COMPONENTS,Repair Manual,General,,,complete,1,0,1,0,306,306.0,1,0,0,,2026-07-18 07:11:31
TEA-RM-E706220B89,REMOVAL,Repair Manual,Brake,,,complete,1,0,1,0,851,851.0,1,0,0,,2026-07-18 07:11:31
TEA-RM-E738731126,PROBLEM SYMPTOMS TABLE,Repair Manual,Body,,,complete,1,0,1,0,2577,2577.0,1,0,0,,2026-07-18 07:11:31
TEA-RM-E74EF000A9,PROBLEM SYMPTOMS TABLE,Repair Manual,Steering,,,complete,1,0,1,0,1340,1340.0,1,0,0,,2026-07-18 07:11:31
TEA-RM-E78ED59E64,LOCATION,Repair Manual,Body,,,complete,1,0,1,0,408,408.0,1,0,0,,2026-07-18 07:11:31
TEA-RM-E7B480B829,ON-VEHICLE INSPECTION,Repair Manual,Engine,,,complete,1,0,1,0,636,636.0,1,0,0,,2026-07-18 07:11:31
TEA-RM-E7C60AE432,COMPONENTS,Repair Manual,Body,,,complete,1,0,1,0,179,179.0,1,0,0,,2026-07-18 07:11:31
TEA-RM-E7D23385D2,Door courtesy switch circuit (Body control ECU communication circuit),Repair Manual,Engine,1GZ-FE,,pending,,,,,,,,,,,
TEA-RM-E7DBCF2E05,C1223 / 43,Repair Manual,Brake,,,complete,1,0,1,0,504,504.0,1,0,0,,2026-07-18 07:11:31
TEA-RM-E843635446,SERVICE DATA,Repair Manual,Transmission,,A343E,complete,1,0,1,0,1702,1702.0,1,0,0,,2026-07-18 07:11:31
TEA-RM-E921B46AFA,B0117/45,Repair Manual,General,,,complete,3,0,3,0,3707,1235.6666666666667,1,0,0,,2026-07-18 07:11:31
TEA-RM-E9262A6506,REMOVAL,Repair Manual,Body,,,complete,1,0,1,0,788,788.0,1,0,0,,2026-07-18 07:11:31
TEA-RM-E926757B48,VSC Warning Buzzer Circuit,Repair Manual,Brake,,,pending,,,,,,,,,,,
TEA-RM-E9578E14B3,5. Meter illumination is dark.,Repair Manual,Electrical,,,complete,1,0,1,0,415,415.0,1,0,0,,2026-07-18 07:11:31
TEA-RM-E96F897A18,"P0500/21,23",Repair Manual,Electrical,,,complete,1,0,1,0,493,493.0,1,0,0,,2026-07-18 07:11:31
TEA-RM-E981F4CEE4,ON-VEHICLE INSPECTION,Repair Manual,Brake,,,complete,2,0,2,0,2266,1133.0,1,0,0,,2026-07-18 07:11:31
TEA-RM-E9A0EEB48F,COMPONENTS,Repair Manual,Electrical,,,complete,2,0,2,0,1090,545.0,1,0,0,,2026-07-18 07:11:31
TEA-RM-EA3844D824,IG Power Source Circuit,Repair Manual,General,,,complete,3,0,3,0,1687,562.3333333333334,1,0,0,,2026-07-18 07:11:31
TEA-RM-EAA087ECF4,REPLACEMENT,Repair Manual,Chassis,,,complete,1,0,1,0,1119,1119.0,1,0,0,,2026-07-18 07:11:31
TEA-RM-EAEBFAD480,DISASSEMBLY,Repair Manual,Electrical,,,complete,2,0,2,0,2248,1124.0,1,0,0,,2026-07-18 07:11:31
TEA-RM-EB5711223E,PRE-CHECK,Repair Manual,Transmission,,A343E,complete,12,0,12,0,22272,1856.0,1,0,0,,2026-07-18 07:11:32
TEA-RM-EBB41CA4A0,REPLACEMENT,Repair Manual,Electrical,,,complete,1,0,1,0,1007,1007.0,1,0,0,,2026-07-18 07:11:32
TEA-RM-EBE352A35E,ADJUSTMENT,Repair Manual,Body,,,complete,1,0,1,0,639,639.0,1,0,0,,2026-07-18 07:11:32
TEA-RM-EC28C235EF,PRE-CHECK,Repair Manual,Engine,1GZ-FE,,complete,2,0,2,0,2179,1089.5,1,0,0,,2026-07-18 07:11:32
TEA-RM-EC4EB5F1B2,Rheostat light control circuit,Repair Manual,Body,,,complete,2,0,2,0,717,358.5,1,0,0,,2026-07-18 07:11:32
TEA-RM-EC64F19583,DISASSEMBLY,Repair Manual,Brake,,,complete,1,0,1,0,633,633.0,1,0,0,,2026-07-18 07:11:32
TEA-RM-ECAE88D7CC,ADJUSTMENT,Repair Manual,Electrical,,,complete,1,0,1,0,902,902.0,1,0,0,,2026-07-18 07:11:32
TEA-RM-ECEF3B63D3,COMPONENTS,Repair Manual,Body,,,complete,1,0,1,0,245,245.0,1,0,0,,2026-07-18 07:11:32
TEA-RM-ED095819D7,REMOVAL,Repair Manual,Brake,,,complete,1,0,1,0,603,603.0,1,0,0,,2026-07-18 07:11:32
TEA-RM-ED0E1AFAE9,LOCATION,Repair Manual,Engine,,,complete,1,0,1,0,201,201.0,1,0,0,,2026-07-18 07:11:32
TEA-RM-ED737EB7C5,EQUIPMENT,Repair Manual,Steering,,,complete,1,0,1,0,200,200.0,1,0,0,,2026-07-18 07:11:32
TEA-RM-ED7BAEFA91,84,Repair Manual,Suspension,,,complete,3,0,3,0,2154,718.0,1,0,0,,2026-07-18 07:11:32
TEA-RM-ED902536C0,COMPONENTS,Repair Manual,Steering,,,complete,3,0,3,0,1762,587.3333333333334,1,0,0,,2026-07-18 07:11:32
TEA-RM-EE95C31F3B,REASSEMBLY,Repair Manual,Suspension,,,complete,1,0,1,0,1211,1211.0,1,0,0,,2026-07-18 07:11:32
TEA-RM-EEC7C0C979,LOCATION,Repair Manual,Electrical,,,complete,1,0,1,0,538,538.0,1,0,0,,2026-07-18 07:11:32
TEA-RM-EEECB8CCAA,B1244 / 44,Repair Manual,General,,,complete,2,0,2,0,1279,639.5,1,0,0,,2026-07-18 07:11:32
TEA-RM-EF50029B44,86,Repair Manual,Suspension,,,complete,5,0,5,0,3690,738.0,1,0,0,,2026-07-18 07:11:32
TEA-RM-EF674F44D1,INSTALLATION,Repair Manual,General,,,complete,1,0,1,0,167,167.0,1,0,0,,2026-07-18 07:11:32
TEA-RM-EF6CBBC873,COMPONENTS,Repair Manual,Brake,,,complete,1,0,1,0,313,313.0,1,0,0,,2026-07-18 07:11:32
TEA-RM-EF7597196A,PROBLEM SYMPTOMS TABLE,Repair Manual,General,,,complete,1,0,1,0,1071,1071.0,1,0,0,,2026-07-18 07:11:32
TEA-RM-EF8DDBC3BD,Stop Light Switch Signal Circuit,Repair Manual,Transmission,,A343E,complete,3,0,3,0,2429,809.6666666666666,1,0,0,,2026-07-18 07:11:32
TEA-RM-EFCB9E4ED1,SST (Special Service Tools),Repair Manual,Chassis,,,complete,1,0,1,0,495,495.0,1,0,0,,2026-07-18 07:11:32
TEA-RM-EFE4207742,INSTALLATION,Repair Manual,Steering,,,complete,1,0,1,0,279,279.0,1,0,0,,2026-07-18 07:11:32
TEA-RM-F03DADDE56,ON-VEHICLE INSPECTION,Repair Manual,General,,,complete,1,0,1,0,473,473.0,1,0,0,,2026-07-18 07:11:32
TEA-RM-F15C8B814B,INSTALLATION,Repair Manual,Body,,,complete,1,0,1,0,181,181.0,1,0,0,,2026-07-18 07:11:32
TEA-RM-F197EB9227,REPLACEMENT,Repair Manual,Electrical,,,complete,1,0,1,0,963,963.0,1,0,0,,2026-07-18 07:11:32
TEA-RM-F1ABF624F8,B0132/61,Repair Manual,General,,,complete,3,0,3,0,3632,1210.6666666666667,1,0,0,,2026-07-18 07:11:32
TEA-RM-F242D2E436,INSPECTION,Repair Manual,Steering,,,complete,1,0,1,0,583,583.0,1,0,0,,2026-07-18 07:11:32
TEA-RM-F24D2BB32B,Rear J/B ECU Communication Circuit,Repair Manual,Engine,,,complete,1,0,1,0,545,545.0,1,0,0,,2026-07-18 07:11:32
TEA-RM-F29D7CAB58,REMOVAL,Repair Manual,General,,,complete,1,0,1,0,962,962.0,1,0,0,,2026-07-18 07:11:32
TEA-RM-F2F7562EB6,CUSTOMER PROBLEM ANALYSIS CHECK,Repair Manual,Electrical,,,complete,1,0,1,0,1101,1101.0,1,0,0,,2026-07-18 07:11:32
TEA-RM-F33BBBDBBC,COMPONENTS,Repair Manual,Suspension,,,complete,1,0,1,0,855,855.0,1,0,0,,2026-07-18 07:11:33
TEA-RM-F344145DB5,INSTALLATION,Repair Manual,Electrical,,,complete,1,0,1,0,683,683.0,1,0,0,,2026-07-18 07:11:33
TEA-RM-F391F92C76,COMPONENTS,Repair Manual,Body,,,complete,1,0,1,0,250,250.0,1,0,0,,2026-07-18 07:11:33
TEA-RM-F4487F1A16,REPLACEMENT,Repair Manual,Body,,,complete,2,0,2,0,451,225.5,1,0,0,,2026-07-18 07:11:33
TEA-RM-F484F34081,Tilt and Telescopic Manual Switch Circuit,Repair Manual,Steering,,,complete,3,0,3,0,1814,604.6666666666666,1,0,0,,2026-07-18 07:11:33
TEA-RM-F4A04CE4E5,B1172/91,Repair Manual,General,,,complete,3,0,3,0,3718,1239.3333333333333,1,0,0,,2026-07-18 07:11:33
TEA-RM-F50CD73770,INSPECTION,Repair Manual,General,,,complete,1,0,1,0,582,582.0,1,0,0,,2026-07-18 07:11:33
TEA-RM-F52E417873,PARTS LOCATION,Repair Manual,Body,,,complete,1,0,1,0,352,352.0,1,0,0,,2026-07-18 07:11:33
TEA-RM-F5999B4CF9,Wireless door lock tuner circuit,Repair Manual,Body,,,complete,2,0,2,0,1285,642.5,1,0,0,,2026-07-18 07:11:33
TEA-RM-F5EED8A706,INSPECTION,Repair Manual,General,,,complete,1,0,1,0,160,160.0,1,0,0,,2026-07-18 07:11:33
TEA-RM-F602E4A07F,INSTALLATION,Repair Manual,Brake,,,complete,1,0,1,0,264,264.0,1,0,0,,2026-07-18 07:11:33
TEA-RM-F68D5BC011,Power window switch circuit,Repair Manual,Body,,,complete,2,0,2,0,1156,578.0,1,0,0,,2026-07-18 07:11:33
TEA-RM-F6A9765F21,B1216 / 16,Repair Manual,General,,,complete,2,0,2,0,1610,805.0,1,0,0,,2026-07-18 07:11:33
TEA-RM-F6AF113F47,35,Repair Manual,General,,,complete,3,0,3,0,3046,1015.3333333333334,1,0,0,,2026-07-18 07:11:33
TEA-RM-F6C9F66D5F,INSTALLATION,Repair Manual,Brake,,,complete,1,0,1,0,273,273.0,1,0,0,,2026-07-18 07:11:33
TEA-RM-F6D2145A35,REPLACEMENT,Repair Manual,Suspension,,,complete,1,0,1,0,533,533.0,1,0,0,,2026-07-18 07:11:33
TEA-RM-F6F305B28C,INSPECTION,Repair Manual,General,,,complete,1,0,1,0,472,472.0,1,0,0,,2026-07-18 07:11:33
TEA-RM-F71ABF645B,COMPONENTS,Repair Manual,Engine,,,complete,2,0,2,0,986,493.0,1,0,0,,2026-07-18 07:11:33
TEA-RM-F72540155F,Cool Air Bypass Damper Control Servomotor Circuit (Driver Side),Repair Manual,General,,,complete,3,0,3,0,2234,744.6666666666666,1,0,0,,2026-07-18 07:11:33
TEA-RM-F77F0C1B5A,INSPECTION,Repair Manual,Electrical,,,complete,1,0,1,0,1332,1332.0,1,0,0,,2026-07-18 07:11:33
TEA-RM-F895A39A65,Fuel sender gauge circuit,Repair Manual,Engine,,,complete,1,0,1,0,538,538.0,1,0,0,,2026-07-18 07:11:33
TEA-RM-F8A48246C0,PROBLEM SYMPTOMS TABLE,Repair Manual,Electrical,,,complete,1,0,1,0,1267,1267.0,1,0,0,,2026-07-18 07:11:33
TEA-RM-F906950530,COMPONENTS,Repair Manual,Engine,,,complete,2,0,2,0,1301,650.5,1,0,0,,2026-07-18 07:11:33
TEA-RM-F926EC946D,INSTALLATION,Repair Manual,Suspension,,,complete,1,0,1,0,1058,1058.0,1,0,0,,2026-07-18 07:11:33
TEA-RM-F9414FE864,Fuel lid opener solenoid circuit,Repair Manual,Engine,,,complete,1,0,1,0,688,688.0,1,0,0,,2026-07-18 07:11:33
TEA-RM-F96AB797B2,Jam protection pulse switch circuit,Repair Manual,Body,,,complete,2,0,2,0,917,458.5,1,0,0,,2026-07-18 07:11:33
TEA-RM-F9A65789FC,REMOVAL,Repair Manual,Brake,,,complete,1,0,1,0,891,891.0,1,0,0,,2026-07-18 07:11:33
TEA-RM-F9CB3D033D,INSTALLATION,Repair Manual,Body,,,complete,1,0,1,0,133,133.0,1,0,0,,2026-07-18 07:11:33
TEA-RM-F9F678C297,PROBLEM SYMPTOMS TABLE,Repair Manual,Electrical,,,complete,1,0,1,0,1775,1775.0,1,0,0,,2026-07-18 07:11:34
TEA-RM-FA6851067B,LOCATION,Repair Manual,Body,,,complete,1,0,1,0,299,299.0,1,0,0,,2026-07-18 07:11:34
TEA-RM-FAF5AC7CD2,Air Mix Damper Control Servomotor Circuit,Repair Manual,General,,,complete,3,0,3,0,2544,848.0,1,0,0,,2026-07-18 07:11:34
TEA-RM-FB2943A8F5,Power source circuit,Repair Manual,Engine,1GZ-FE,,complete,2,0,2,0,1196,598.0,1,0,0,,2026-07-18 07:11:34
TEA-RM-FB41FA95A6,ON-VEHICLE REPAIR,Repair Manual,Transmission,,A343E,complete,1,0,1,0,1110,1110.0,1,0,0,,2026-07-18 07:11:34
TEA-RM-FC2086E217,P0715/67,Repair Manual,Transmission,,A343E,complete,3,0,3,0,2719,906.3333333333334,1,0,0,,2026-07-18 07:11:34
TEA-RM-FC2F831B48,GENERAL INFORMATION ( 2001.12 - ) [ Only for Hong Kong ],Repair Manual,Engine,,,pending,,,,,,,,,,,
TEA-RM-FC7EA476A2,Stop light switch circuit,Repair Manual,Body,,,complete,2,0,2,0,1429,714.5,1,0,0,,2026-07-18 07:11:34
TEA-RM-FCC1836D0A,TORQUE SPECIFICATION,Repair Manual,General,,,complete,1,0,1,0,698,698.0,1,0,0,,2026-07-18 07:11:34
TEA-RM-FD8B11EA94,PRE-CHECK,Repair Manual,Brake,,,complete,4,0,4,0,4829,1207.25,1,0,0,,2026-07-18 07:11:34
TEA-RM-FDBDA41D48,REPLACEMENT,Repair Manual,Steering,,,complete,1,0,1,0,988,988.0,1,0,0,,2026-07-18 07:11:34
TEA-RM-FDF8A45887,DISASSEMBLY,Repair Manual,General,,,complete,1,0,1,0,546,546.0,1,0,0,,2026-07-18 07:11:34
TEA-RM-FF119F47CB,TERMINALS OF ECU,Repair Manual,Engine,1GZ-FE,,complete,1,0,1,0,1012,1012.0,1,0,0,,2026-07-18 07:11:34
TEA-RM-FF14648AB7,ON-VEHICLE INSPECTION,Repair Manual,Engine,,,complete,1,0,1,0,495,495.0,1,0,0,,2026-07-18 07:11:34
TEA-RM-FF724861C2,COMPONENTS,Repair Manual,Engine,,,complete,2,0,2,0,1185,592.5,1,0,0,,2026-07-18 07:11:34
TEA-RM-FFE0C02E29,COMPONENTS,Repair Manual,Body,,,complete,1,0,1,0,953,953.0,1,0,0,,2026-07-18 07:11:34
